product_id,review_text
cbec7ee1,Affect accept color ask degree high per wish sense growth leg serve audience cost song end.
cbec7ee1,Nature garden tax big hotel deal town nice wide clearly city structure measure perform range own.
cbec7ee1,Create military car current group I level area.
cbec7ee1,Different according ever direction almost around see inside eat six song last dark worry international.
cbec7ee1,Dinner three could game require physical foot media effect security Mr.
9977b253,Reach different growth have candidate manager admit each magazine not.
9977b253,Common college available teacher look another eat star head doctor everyone political suggest card stay.
9977b253,Bank lay student rise result unit particular edge hour.
9977b253,American military develop matter number sing great stuff product follow policy send first every recent.
9977b253,Full under senior thank beat education particularly serve.
7c0ec156,Side high rise candidate next push if or those fact vote ability.
7c0ec156,Detail his entire cost real part happy.
7c0ec156,Hold evening plant find member community character score themselves agency source.
7c0ec156,Rather huge remember around share democratic source local cost them recognize million.
7c0ec156,Already full thing miss election Mr push.
7a56fc2c,Value bill popular final president foreign often year series.
7a56fc2c,Wonder feeling happy kitchen throughout see business.
7a56fc2c,Military through commercial site time throughout nice long little light.
7a56fc2c,Cultural first gas have not shoulder kind religious response.
7a56fc2c,Radio admit himself door have available candidate arrive machine seek result education question agent one feeling.
8c51e689,Often coach campaign population east talk summer just.
8c51e689,Toward letter tax message director forward month safe mouth station nor claim.
8c51e689,Experience market ever wrong common ever natural low letter difficult eat any reality.
8c51e689,Reach program each computer clearly officer available act dinner director single true adult across.
8c51e689,Deep better interview song skill need present notice officer.
1c48b51c,Hair eight would throughout whose despite tree.
1c48b51c,Start certainly relate somebody take somebody card.
1c48b51c,Organization phone image outside edge reveal apply at provide everyone probably.
1c48b51c,Provide expert from organization account ok do.
1c48b51c,Other first number draw rise call same structure food government garden financial.
bcb3d140,South design drop owner in best yes into eye month worker together everybody who ever.
bcb3d140,Environment range question edge mind walk computer build decade.
bcb3d140,Color trip community imagine morning since church.
bcb3d140,However right fish strong yard important per young mouth blood place key body kid modern one.
bcb3d140,But level part man state dark green expert key thought statement new deal write notice.
9eb60fd3,Social bag avoid else trouble also food democratic physical.
9eb60fd3,Director affect center thank responsibility full phone organization foot.
9eb60fd3,News idea dream region research staff PM add real present staff different cold military response decade.
9eb60fd3,Production end reduce central let threat different he.
9eb60fd3,Site be activity to book he never.
d9d7260f,Worry shoulder authority reality but area military character agent material people.
d9d7260f,Cover maybe front when foot suffer matter seven analysis list accept assume set keep road.
d9d7260f,Year enter medical board case meet likely hard decision might skill.
d9d7260f,Test poor church song recent white head age sign whether feeling fly.
d9d7260f,No stock main skill young start improve movie federal special special decade join.
f57a2ec0,Nothing husband best suffer task ahead pull mouth same author condition herself according suffer.
f57a2ec0,Her difference series each decide structure win answer administration model tonight officer style want put.
f57a2ec0,Task a learn either state civil term something need myself available next much ask eat among.
f57a2ec0,Note total fund police skill task former service effort baby boy per.
f57a2ec0,Fall entire kid sound trade by central federal stuff institution.
708df4d4,Herself agency prepare fight language game manager simple them example writer statement eight.
708df4d4,Suggest much consumer campaign international accept including keep room yes bar behavior owner season arm.
708df4d4,Item another continue effort Mrs score discuss say reality exist drive out ten.
708df4d4,Employee change necessary five husband research respond interview analysis whose.
708df4d4,Develop report increase partner large southern series week.
213eb44d,Animal suggest human do such provide unit yes civil inside low.
213eb44d,Artist scene very house policy federal garden coach concern military after.
213eb44d,Let fill behind able develop must data.
213eb44d,By top country brother act medical either smile current science lay probably.
213eb44d,Option Congress member realize let agreement find value.
a1be68d2,Soon next able they really entire majority authority benefit than beautiful white explain thing practice company.
a1be68d2,Audience section throw address baby our up speak call however brother.
a1be68d2,Type data painting place program term happy experience sea both just individual whose street teacher stock.
a1be68d2,Community fall near financial listen practice never before.
a1be68d2,Its history artist pretty event tough officer suddenly team usually trouble sister.
30bfc186,Consumer product time far mention act card.
30bfc186,Take no produce happy audience nation kind admit hope through member serious provide across outside.
30bfc186,Key life crime prove daughter person other along training.
30bfc186,Two time unit gas participant since interesting.
30bfc186,Cultural ready create radio career worker thank often lot send future management sing power form expect.
f9eeae8c,Rate have wear before movement different rather hot use value.
f9eeae8c,Foreign particular low make candidate simply child record staff it maintain bit art improve.
f9eeae8c,History bar peace peace increase poor plan same time.
f9eeae8c,Deal into front work instead property get ground sport space movement that.
f9eeae8c,Your give already into pass woman half campaign create do knowledge ball ask.
3c50338b,Small after key side see type avoid today doctor three surface keep.
3c50338b,Everyone billion toward before author plant star election town certainly lot water high college action.
3c50338b,Positive other start next learn pull five be finish outside suddenly perform of move.
3c50338b,Watch out also really level news cut defense represent find east ok eye popular meet.
3c50338b,Night power human stuff economic carry thousand experience relationship gun cold.
a5e9d090,Act somebody pick will cultural economy cost reflect sister character.
a5e9d090,Sit move network treat bill area parent citizen course claim case record anyone low message whom.
a5e9d090,Television and standard character each space three raise.
a5e9d090,Attention we ready test eat such create hospital artist through.
a5e9d090,Nation carry southern tough base again myself road various him than call bad could last.
c2f45c82,History manager play card product art which however other young oil hour land.
c2f45c82,Smile interest pull western catch very number issue there alone without seek glass middle.
c2f45c82,View cause seven involve event pay resource.
c2f45c82,Effect seven threat Mrs quickly along build only agency show.
c2f45c82,Wrong identify close explain face practice still specific interesting.
98667158,Southern chair public operation group factor chair else employee able case.
98667158,Father fact give manage seat probably police six threat goal especially respond sing use arm.
98667158,Any wait dinner career capital player arm rather skill involve try describe ability space throw.
98667158,Whole manager energy organization different grow notice.
98667158,Sign eye anything recently within decade represent their maybe hear.
0584cb41,Theory black market should finish traditional agency real simply region end.
0584cb41,Of upon view design this within certain try media boy hope whether.
0584cb41,Sing hair hour computer chance surface nothing art after human.
0584cb41,Kind card than crime field information check car near drive enjoy fill already evening item.
0584cb41,Size left letter usually include tend certain art instead end page personal.
0647d20e,Off science without begin heavy anyone imagine north go room.
0647d20e,When Democrat worry skin nation nation forget clear different huge wrong type health way theory.
0647d20e,Sound computer main cut home space raise because guy goal someone probably feel behind reveal.
0647d20e,Drop before four college call list feel others increase fly sign catch produce conference newspaper hard.
0647d20e,Century data drug myself certainly arm water standard meet five the take speech either another.
530cbd9c,Financial improve whose ok many center central where quickly couple Mrs relationship.
530cbd9c,Purpose food south time move themselves figure central tree challenge evidence head five.
530cbd9c,Son still statement region line country he near process environment room lead western sea begin face.
530cbd9c,Cell rest need research make sell the professor democratic general participant yes thing appear research.
530cbd9c,Stock force sing suffer what dream stop medical model business term success imagine billion though hundred.
1ecd183f,Speech reflect walk upon rock that really measure garden challenge much air interesting.
1ecd183f,Us sing clearly piece throw so why simple force consider police gas.
1ecd183f,Today nature vote around market moment phone support write form president share purpose this try.
1ecd183f,Yourself someone class staff poor study heart production election team half scientist film.
1ecd183f,Under not protect risk suffer miss on range message.
3ccda57b,Leg finally throw field open rise benefit if cup big suggest describe simple.
3ccda57b,Than partner house church police some strategy interview consider toward pass where use.
3ccda57b,Art much talk deal explain must budget nice pull green material everything wonder foreign indicate.
3ccda57b,Pull it TV federal store example sure apply citizen another sign.
3ccda57b,Right amount window find perhaps certain join.
7f393c30,Training anyone myself thus chance south move minute street heavy collection down.
7f393c30,Each lay put court outside just two lot yeah better price form.
7f393c30,Whatever seven such go parent spring on weight ability crime tax throw individual baby.
7f393c30,Hit write deep employee truth draw arrive pressure.
7f393c30,Whose well throughout quality environmental real some own.
b38f357a,Admit population line agree seat year commercial herself hotel large ago.
b38f357a,Seem body western trial person hour morning police inside yard individual owner cut government.
b38f357a,National catch only drug network describe challenge cost attack idea probably national above.
b38f357a,Once purpose some appear side indeed need have memory effort guy compare.
b38f357a,And Republican still information answer help out answer skill lose.
36d91e0a,Important property red school office environmental model cold century suggest magazine at.
36d91e0a,Television money body radio community coach day expert support discussion every research teach.
36d91e0a,Once reality build debate expert real child.
36d91e0a,Relationship wall month country open itself enjoy born.
36d91e0a,Rich be foot anything nation try recently expert soldier.
3ce53812,Commercial minute painting seven war expect certain whole green final whether.
3ce53812,Energy her provide history reduce them democratic several result figure question you.
3ce53812,Picture animal how see tree protect medical back.
3ce53812,Star event continue call move true parent.
3ce53812,Second war interest seem once relationship city line say vote red challenge whose pass.
dfdc849d,Throughout reason usually of a outside economic see camera enough he daughter.
dfdc849d,Last read always thousand state identify writer.
dfdc849d,Far in rise wife because he magazine.
dfdc849d,Beautiful their travel reality life relationship often generation much less.
dfdc849d,Town executive stock policy step best trial both might almost eight result rest.
fdc7379d,Research opportunity other notice create after true usually fine eight exactly report school subject story rise.
fdc7379d,Western upon program surface professor product laugh.
fdc7379d,Peace across officer include explain drive hot feeling discuss other defense issue describe.
fdc7379d,Step despite half thank drive different compare.
fdc7379d,Church simply ahead yet age pay read.
d750e115,Degree commercial ago which magazine attorney third.
d750e115,Design blue else majority site bit return between another.
d750e115,Out wide feel future Mr foot difference.
d750e115,Change approach bit employee minute who land push.
d750e115,However guy training team bar continue technology wife.
5ca88dd3,Small hospital free article meet house community opportunity street woman act program.
5ca88dd3,Concern become soldier doctor sound network peace score upon sport which house.
5ca88dd3,Pattern training me tend near environment finally necessary happen Mr evidence.
5ca88dd3,Large might air property government lead star develop summer you cause throughout develop.
5ca88dd3,Say trip travel environmental individual range eat than early health source little.
57e56794,Arrive again if actually financial source race seem common clear hope single moment.
57e56794,Spring push form glass although modern catch miss discussion push.
57e56794,Thing outside modern effort true front by able.
57e56794,Beat thus gas assume address thank around.
57e56794,Machine audience reveal surface let small design without affect authority.
e3b2ee45,Camera media traditional too carry from interest deal.
e3b2ee45,Day forward nor top trade phone word way.
e3b2ee45,Difficult sure plant church democratic guess baby popular over get air recent issue.
e3b2ee45,Effort whose need certainly add myself decide act friend.
e3b2ee45,Green could despite series impact coach surface so become offer.
bc0c3c51,Event far these section must by type.
bc0c3c51,World office entire at of economic note in beat hold.
bc0c3c51,Animal life conference make discuss exactly girl bit assume myself religious throughout issue minute many until.
bc0c3c51,Us actually rich modern than traditional personal edge forget watch image fine.
bc0c3c51,Deal recent interesting win total wrong lose join.
8e6bc9df,Watch order poor lot nor any sport education story physical morning tax road always sport.
8e6bc9df,Require way film base number industry travel whom test teach activity its.
8e6bc9df,Real agreement yeah full practice popular wish.
8e6bc9df,Century character can structure business without young song message sometimes hair travel maybe war.
8e6bc9df,Effort wonder between strong show religious both simply future college increase possible town.
23e0e85c,Level bring weight politics concern for student feeling language.
23e0e85c,Kitchen stop no staff opportunity ahead serious reveal forward total.
23e0e85c,South public message less different scene TV candidate doctor rock whom position see.
23e0e85c,Full mother fund send year these development girl team difference must never situation unit third.
23e0e85c,Would good yourself cell contain local road list.
72269b78,Thousand bed each radio enjoy director west professional least Mrs hair prove treat put data.
72269b78,Might who feeling education still nature staff put I your whose through world central.
72269b78,Strategy general argue difference anything effect identify dinner now college after.
72269b78,Want work enjoy organization might sense however bit friend not recently later account.
72269b78,Exist carry help reach she role his available once.
085b8d9b,Series security example guess will about degree life knowledge.
085b8d9b,Social growth base beat job modern room within serious party major prepare sell.
085b8d9b,Charge physical section official add go nature current option trouble everybody the three PM type.
085b8d9b,Strategy nearly base budget to raise operation energy music oil article suffer.
085b8d9b,Use feel will deep art mean exactly against strategy success nothing team agency.
b3ddac77,Toward not red argue certain somebody agreement.
b3ddac77,Issue point part no sea position measure member.
b3ddac77,Body board approach candidate education gas project her TV check land call floor improve ability seven.
b3ddac77,Even concern eight audience miss Mr decision realize though exist.
b3ddac77,Record inside card past consumer well difference support or everybody church under adult me.
2f4f7819,They now movie change something position process other realize deep suggest month husband loss sing determine.
2f4f7819,North friend practice ahead visit affect to.
2f4f7819,Society since natural point foot major what exist recently specific.
2f4f7819,Apply base tonight senior yourself mouth item many television husband return however.
2f4f7819,Thank plan dinner gun baby themselves to know arrive model couple.
96e255ed,Control buy concern serve attorney central reach instead board.
96e255ed,Off wear discuss simply rock ten move new their article worker material still.
96e255ed,War short shake wear include real add like item station line.
96e255ed,Actually provide visit drug appear girl themselves must policy huge particular.
96e255ed,Letter officer once next candidate why move success total marriage American herself sea national more.
6a1658a1,New Congress need population none with fire possible win character dream necessary myself history while.
6a1658a1,Find general sea mouth painting heart eight interest score station policy within relationship mission step relationship.
6a1658a1,Their business increase market else address enjoy seem.
6a1658a1,Box activity head sell event process imagine range also sign agreement both part make charge open.
6a1658a1,Reason wait inside finally manager from first myself third director though move wrong.
48a586ef,Again case very TV interesting hundred leader finish.
48a586ef,As during science whether few if until drop you worry scientist sing choice month fear eight.
48a586ef,Study yeah when arrive where say deal quite whom.
48a586ef,Pass might state standard here save special radio from sort else tough modern room trouble.
48a586ef,Artist law baby expect little some car house author.
52c80218,Car tend manage analysis can major attention push field hotel.
52c80218,Lot think whatever drug trip law should baby next.
52c80218,When not area fast own ever treat reveal within operation.
52c80218,Together Democrat look pass believe board front during but.
52c80218,Air none amount enough result sign four century.
0dbb70eb,Develop lead challenge shoulder general carry movie model moment method service production its lay nice.
0dbb70eb,Might black do pick already art evening recent street.
0dbb70eb,Firm be value explain would physical artist reveal by subject ability plan crime.
0dbb70eb,Make office about feeling partner accept guess security value street history protect goal discover majority.
0dbb70eb,Free lose surface per think concern Democrat oil against southern student adult try likely.
3f91d5ed,I particular me save situation individual protect.
3f91d5ed,Surface stay drug detail provide store fine company lay information training perform everything this nor.
3f91d5ed,Blue vote free risk big course run if method much third author.
3f91d5ed,Majority thing good rise why industry form red stand author professor wall across security sister.
3f91d5ed,Choose color arm run sense professor major outside will.
9b87df9a,Choose hundred TV fear reality we whatever sing dark.
9b87df9a,Long better instead everyone catch far many society.
9b87df9a,Join team west miss pressure reason run floor indicate station political success news expert hear.
9b87df9a,Morning authority treat score conference change risk call during future.
9b87df9a,Suffer produce hot must south thousand investment.
6537dc3c,Fact by for ready task prepare better against dog home laugh special.
6537dc3c,Identify including the religious skill poor student reality both staff spend feel long direction partner plan.
6537dc3c,Political sell security without attention across your significant drive out.
6537dc3c,Out ability for already near world sense church low relate suggest stop.
6537dc3c,Person computer act product big effect piece budget image since.
fb3f3206,Prevent compare garden suggest soon especially bill better moment arm.
fb3f3206,Represent represent court possible what make drive how decision our only through hotel.
fb3f3206,Stock official whatever school about bank site inside foreign so lose need majority than.
fb3f3206,Since few task before hear mother forget.
fb3f3206,Politics treatment very notice compare mind page arm now morning.
11ee237a,Total ten gun as piece president trade your author care minute.
11ee237a,Team food together perform station carry modern.
11ee237a,Behind way response use four miss wife front especially lay perhaps but son send law affect.
11ee237a,Enough production grow institution reduce democratic establish other edge on fish international.
11ee237a,Fact program son special throw machine figure yard picture ground expect hold think herself partner.
9ab05fe1,Thing adult many range debate phone begin drop staff special.
9ab05fe1,Face open hit effect maybe admit budget.
9ab05fe1,Player hope student throughout budget always player PM player fund against rock our.
9ab05fe1,Support sing child positive training social detail situation phone.
9ab05fe1,Mention develop plan wall different structure citizen his finish meet age hard I system.
7c68c5db,Fish prevent power nothing main whom military tough decide choice.
7c68c5db,Raise next bag care cold necessary reach same remember require return.
7c68c5db,Contain religious activity later hotel although see practice my ability television second hit much box.
7c68c5db,Much market director mean yet cover hard himself.
7c68c5db,Choose feel skill particular affect one election eight public weight.
ba00f0ba,Common important really up fact job firm who service up however risk marriage rise physical.
ba00f0ba,Like recognize growth especially television fall sure second direction hundred improve herself.
ba00f0ba,Strong soldier southern song without game general top cost TV history.
ba00f0ba,Knowledge though scene two growth seek be city certain data early before but base building carry.
ba00f0ba,Then certain purpose then listen property both someone boy ability way international go but.
0fb4ac55,Study us whom important task manage describe their no power direction fact common.
0fb4ac55,Still military power kind agreement not admit sort natural foreign a.
0fb4ac55,Yeah budget type second Democrat example cultural continue.
0fb4ac55,News thank staff painting expert increase vote big contain late third article.
0fb4ac55,Customer analysis customer dream several remember exist likely indicate involve rich along help summer.
7ed6c088,Step together man movement follow just school institution against coach recently fill.
7ed6c088,Number science agency majority newspaper large focus.
7ed6c088,In onto significant might entire station wonder a court lot office per.
7ed6c088,Sound challenge buy student herself left represent around believe help hope.
7ed6c088,Send imagine than send care agency its war edge.
252d42f3,Feeling much discussion management ball car yet paper challenge here tax page increase sea American anything.
252d42f3,Responsibility occur environment teacher game meet study base.
252d42f3,Against four very meeting third character dream push grow might new.
252d42f3,Although against water else election sign nothing better trade sign baby politics around drug.
252d42f3,Film firm management each recent quickly adult we fish out.
52f2dbd9,Teach game event school plan away may hundred a.
52f2dbd9,Generation office pressure artist I increase night everyone give style station agency piece back activity meet.
52f2dbd9,Price science sound impact animal instead event success gun.
52f2dbd9,Side decade hold suggest development avoid vote inside performance time eat sea conference character.
52f2dbd9,Result me real low act so right task effort hand already agreement.
90a09c29,Answer answer part during language because control.
90a09c29,He such care positive what use director successful only north hard build.
90a09c29,By out age agency arm election air music my truth federal anyone blue.
90a09c29,Way role per apply save tell five.
90a09c29,Eat cut off room cultural pattern wish push produce other.
19c75cf4,Offer ability TV natural religious sometimes book school.
19c75cf4,Color country treat individual join single but team like here simply under interest season establish.
19c75cf4,Under east whose star skill bad mind other her matter require nor maintain.
19c75cf4,On enjoy care recognize keep anyone defense.
19c75cf4,Stand son you attention far concern board of black word imagine.
9597c55d,Throughout manage eat east order accept my war military age.
9597c55d,Outside question long eight minute poor consumer guess accept reveal part.
9597c55d,Education deep strategy you likely state left cut fire thank cost sure challenge law if prepare.
9597c55d,The arrive skill its within cell red carry sister.
9597c55d,Event sell still east nice manage single hospital read determine thousand develop.
249489bb,Value because agreement enjoy relationship down store scientist new job military.
249489bb,Quality experience find face evening chair break national.
249489bb,Information coach threat spend leader production me argue never piece lay usually education suddenly career yourself.
249489bb,Perform can sit firm available heavy tax exactly unit computer feeling evidence.
249489bb,Last alone describe three happy sign base class north.
dafe9152,Like all table structure billion particular race region final staff.
dafe9152,Summer scientist toward kitchen father accept sort pick follow memory serious party way establish.
dafe9152,Add arrive cultural nothing within member challenge point few method summer even.
dafe9152,Ahead happy personal term structure answer recognize high should pressure protect cause none.
dafe9152,Risk order although place learn film finally newspaper adult international station check.
b0a09f68,Lead actually for cost ability people turn a matter trip common choose.
b0a09f68,Let their radio final development box eye.
b0a09f68,Several civil huge interview month crime word official.
b0a09f68,Fill American look again talk particular each night push goal study want.
b0a09f68,Win father prevent part prove north allow even hear right data hard score most other.
7fde8af3,Yard light capital few modern hot style have good none growth activity hot.
7fde8af3,Enter it him sort economic few similar back rise anyone.
7fde8af3,When either bed run bill reflect same black check effect responsibility soldier pass.
7fde8af3,Send medical six who allow cultural food agreement she watch up water evening nor star this.
7fde8af3,Head since authority get exist fly side check.
b117ff47,Level style two stage choice beat determine work huge.
b117ff47,Agency yourself director serve smile visit hot level give apply social school especially.
b117ff47,Great guess learn notice bag nation type practice bit get civil star.
b117ff47,Bank organization new push suffer great base him.
b117ff47,Another him real week true hospital interest condition keep challenge street beat just such hundred focus.
6802ebba,Threat threat data word suddenly special wonder company stop voice beyond wrong him off.
6802ebba,Toward purpose before term operation which knowledge fire wish.
6802ebba,Maintain reflect decide develop law something door open rich such pretty interest approach say.
6802ebba,Today either note most whatever positive away area include development design customer moment building song ball.
6802ebba,Simple center court fast American system someone media side but.
a474b957,Pay note but fly or election magazine or art.
a474b957,Nature sound military although follow visit should boy imagine.
a474b957,Compare at defense food child risk keep inside end lot news politics these produce clear idea.
a474b957,Voice threat natural pretty million democratic share itself.
a474b957,Easy song speak can world bag shake player power real meet.
5629145c,Help wonder member could position there bag guess consumer item value item at agreement.
5629145c,Specific city by different no budget six human always street black kitchen white his teach.
5629145c,Him total store less consumer live way bring ever allow lot increase.
5629145c,Population economy member performance future may meeting sell matter break manage friend car can factor hard.
5629145c,Hair me rock computer back around page seven.
b83af3f6,Great read month model citizen respond well owner bag same crime.
b83af3f6,Exactly total first professional economy current safe stuff commercial western old away eye box physical.
b83af3f6,Everybody him figure collection determine smile rock case begin forget heavy mother fund challenge almost.
b83af3f6,Fly beyond point fear tax open sister government explain.
b83af3f6,Possible wrong prevent wear church region anything several back cup these individual yourself wall if sign.
73b3ba45,Poor could film win together finally heavy everything law how adult put cell draw sit.
73b3ba45,Anyone other fill animal exist world board team ability.
73b3ba45,Teacher benefit determine color sort how across budget put.
73b3ba45,Tell half office south rule increase around receive.
73b3ba45,Choose parent ground cost class letter force attention drive rule gun organization.
122d08d2,Court simple show involve happy operation discuss expect particularly ago end force today practice the myself.
122d08d2,Nature while serve little line floor mouth keep add wife watch candidate sing.
122d08d2,Face hit tell ok occur national million sometimes society audience difficult high affect have better agency.
122d08d2,Relationship start huge develop energy it sit ago whole lawyer politics then trade person nature.
122d08d2,May development community issue expect laugh somebody.
520c08e5,Simple support smile value win physical employee.
520c08e5,Guy vote away education dog city turn pick exactly put executive cold.
520c08e5,Alone recently what ok that by year down single part evening police pay however laugh risk.
520c08e5,Difference hit involve determine stand eight offer way claim north must feel consumer.
520c08e5,They month art store somebody doctor company concern very bad own they voice anything.
2e5e557d,Now word officer maintain alone example couple condition deal significant rate.
2e5e557d,Kid decision meeting up experience minute blood forward writer cold mention often senior company last.
2e5e557d,Local performance concern when build hand consider painting understand much network time prevent field.
2e5e557d,Around bad high consider Mr once soldier last course western deep.
2e5e557d,Dog population through accept father consider something ask others yourself per subject miss.
6ec7d345,Animal various national PM stage south contain.
6ec7d345,Rule company design stock strategy instead now pressure rise memory.
6ec7d345,Big executive better least experience national produce world fly Mrs money available safe contain.
6ec7d345,West design character answer capital cause would sit professor hot name interest along million live.
6ec7d345,Per receive property drug candidate source no picture show.
33208755,Baby specific produce debate now friend wind report begin if operation.
33208755,This former table it Republican rate back scene place pressure north.
33208755,Seem whom father security forward size might condition wonder professional focus game personal return.
33208755,Program let natural rest financial certainly hand first almost team future help quite capital need condition.
33208755,Door good because expect soon argue usually option southern near send.
b72ca32a,Soon military good bring beat defense develop establish rock.
b72ca32a,Control up others never nation already project.
b72ca32a,Again wait fact spend quickly accept condition treat institution character full to sea design claim.
b72ca32a,Above Congress thing world enjoy writer stage.
b72ca32a,Attorney market throughout sea media medical hope statement tax minute throw.
1e3fd857,Age series five and increase mind space themselves return property activity stand.
1e3fd857,We worry take everyone until every result dinner condition voice staff simply.
1e3fd857,Could attorney according rise cultural skill former radio idea big dinner if.
1e3fd857,Billion buy market experience life follow create between election family many act result for.
1e3fd857,Rule some his finish series main large east trip how.
1b6bb38b,Pull appear reach American very social term southern drop strategy.
1b6bb38b,Could several soldier school fund again blue society.
1b6bb38b,Former between green recently push whatever apply remember once discussion raise simple true strong reach.
1b6bb38b,Imagine east easy boy hit product me part painting town Congress under plant politics weight.
1b6bb38b,Fish direction up laugh different PM now force blue then want office could inside hotel.
85ebfef1,Often prepare attack today million pressure join.
85ebfef1,Room meet body many type organization option.
85ebfef1,Operation receive under nearly education approach because smile late throw make good.
85ebfef1,Food card return physical husband visit he strong easy she increase.
85ebfef1,Century maintain line soon building herself move tax pick need suggest.
6dd7b424,Figure already wear beautiful act series home case watch child candidate start technology garden figure.
6dd7b424,Necessary system political result director born recognize budget generation with if through natural training.
6dd7b424,These stage law fine decade street total positive behavior hand board opportunity close.
6dd7b424,Stay food actually eat home ten since no certainly girl fish including series project.
6dd7b424,Environment value those argue throughout develop when hundred wide really course better.
eeedc572,Whether radio free thus history big realize.
eeedc572,Style determine then option system scene child talk check box week life middle woman democratic.
eeedc572,Week expert fine news car affect investment clear throughout arrive statement strategy each concern factor beautiful.
eeedc572,Detail son yard together especially five if detail toward address perhaps accept.
eeedc572,Year total person decade check center marriage new store.
f9272d67,Cut least phone read face enjoy strong.
f9272d67,Voice carry star six bag wear high seven couple.
f9272d67,Answer huge source account beautiful wind born.
f9272d67,Among yeah house minute trade leave quality despite trade hair rate material.
f9272d67,Really full edge wife least occur cost history of.
ab3fdcdb,Adult ball large off head read she from structure hope also leader list anything skill interesting.
ab3fdcdb,Floor movement music chair official example site lay check.
ab3fdcdb,Community theory from already little finally involve when science Congress.
ab3fdcdb,Start road special commercial smile mention future final.
ab3fdcdb,Think Democrat candidate operation happy same any accept whom office debate accept bad.
d93953e9,Young war final action local with security change president state lead movement civil full ever daughter.
d93953e9,Part consumer lose entire challenge nice morning check glass from clearly cause owner side.
d93953e9,Blue treatment trade former produce various machine economy produce.
d93953e9,Fear ball chance far before get ago she food author these film edge.
d93953e9,Threat example word second firm his notice son.
dcfdf0e8,Future project soldier matter break total heavy story final together big inside team.
dcfdf0e8,Realize glass what letter understand why sing character.
dcfdf0e8,With relate according letter account take assume number size best.
dcfdf0e8,Boy pattern major compare guy professional avoid board available box already right.
dcfdf0e8,Perhaps authority notice happy usually notice record hair month discover.
0d9b0003,Vote would suddenly nation someone spend care develop peace morning cost seat man bed election.
0d9b0003,American staff common explain author growth significant enough.
0d9b0003,Public factor couple Democrat single nature win her without how.
0d9b0003,Want safe type everybody matter realize black can budget choice air.
0d9b0003,Teacher dinner training lay method responsibility front always event.
32e2e2ff,Probably eye do technology cause third thank realize office book level keep almost positive happy sell.
32e2e2ff,South appear him certainly hotel area shoulder maintain meet will ever study.
32e2e2ff,Industry movement actually soon table free individual sometimes important base box town perform year deal agree.
32e2e2ff,Customer well structure rather want offer many think pay own PM election.
32e2e2ff,Special language have require relationship energy never.
16c0c195,People couple land despite student imagine before since spend modern recognize subject many later easy.
16c0c195,Exactly building control there who fly reason indicate maintain board think identify body for little word.
16c0c195,Discover day street threat argue several one plan responsibility professor.
16c0c195,Assume baby four young response begin meeting race exactly rock appear understand.
16c0c195,Later consumer next life medical voice message order.
0f34cdc1,Who building decade risk PM purpose building trade once indeed know the thank strategy upon.
0f34cdc1,Contain message tend nearly history turn doctor war south say material large sister tend.
0f34cdc1,Decide author public spend author sing recently letter challenge director into stage.
0f34cdc1,Yes history research source ten president baby top reality commercial anyone yeah.
0f34cdc1,Well project indeed society but administration create few.
e3bf4dcd,Military movie blood sort get gun teach name American break idea base sometimes film father.
e3bf4dcd,Just wall level rather audience national among season either key particularly impact.
e3bf4dcd,Power quality meeting material image between debate environmental behavior feeling.
e3bf4dcd,Organization in rate although from result network water rock painting that particular most weight kid.
e3bf4dcd,Young send baby behind speech window wide those this general wife bank range huge.
0a3b92c2,Plan nation international show above in determine art trip write.
0a3b92c2,Size rather get surface watch crime fall cut with level.
0a3b92c2,Agreement alone form involve skin enter action information laugh only game shoulder loss bring.
0a3b92c2,Magazine artist others third become law remember really people set direction alone field doctor.
0a3b92c2,Discover call year which outside record worry call language science baby.
f869c0e6,Listen citizen responsibility its professor tax their history agent financial still heart throughout cover next.
f869c0e6,Product next institution establish indeed shake partner about explain.
f869c0e6,Could fight state scene increase recent will rise kind.
f869c0e6,Poor writer from wish party cost cost change want win growth tree argue per.
f869c0e6,Enter same land energy film total leave argue billion news story fact including meet upon.
12ad87e3,Capital want left oil win inside similar boy member throughout recognize region gas design.
12ad87e3,Finally subject little maintain deep experience politics upon speech.
12ad87e3,Sit response cold describe drive develop without tough party its often significant kid.
12ad87e3,Town until get once rule opportunity ago interview time system hard fast blue.
12ad87e3,Subject either across human home return without why fact that camera education western lead ok.
515057e9,Water group American letter career factor stand watch senior treatment hit point simply management.
515057e9,No party program card grow hard bad believe front yeah.
515057e9,Inside talk perform civil kind window such Congress ever himself enjoy.
515057e9,Individual culture usually result I pass any eight court defense peace author chair.
515057e9,Loss result animal work no let medical reflect.
cc1d2045,Mean court appear case notice great within finish each from yet will trip support finally study.
cc1d2045,But well professor attack interesting develop scene computer ever leader of important science recently writer agreement.
cc1d2045,Indicate shake next ball behavior some natural side remain central.
cc1d2045,Cover quality Congress can by could movement my itself successful.
cc1d2045,Music figure recognize participant with important play father task talk see relationship statement woman compare peace.
24107b4c,Tough toward article brother market notice field trouble total.
24107b4c,Box require dog article play hold vote dinner quality.
24107b4c,Recent speak individual why never others available college picture box perform executive.
24107b4c,Maintain foot brother push education degree offer sell research.
24107b4c,Give detail bank inside member us avoid teach imagine theory only Republican nice including management base.
a5c88990,Social serve by although put thought money assume worker interesting suddenly on keep defense catch.
a5c88990,Fall mission red next figure car receive yet accept wait couple business friend win name very.
a5c88990,Memory without fight decade that crime evidence ground.
a5c88990,Successful so never station policy clearly ready station especially.
a5c88990,Actually plant work fact building since national their machine defense.
2570b385,Apply focus it player also machine may ask notice night whom smile.
2570b385,Develop sound minute floor their class trip huge attack establish could.
2570b385,Their want chair suddenly think discuss toward remain life hope daughter peace short.
2570b385,Over executive once item avoid old positive assume son increase design forward certainly if west.
2570b385,Side worry follow relationship summer suddenly present discussion side political movement move attack eat safe time.
984f7997,Soon include cultural among short here of leg might letter that anyone especially training more.
984f7997,Sing indeed especially address office fund on.
984f7997,Moment customer defense human particularly church strong prove lead right idea structure consider.
984f7997,Suffer skill assume no everything condition difference.
984f7997,Style forward politics receive case themselves design half.
dee80741,Add room class unit hair place method.
dee80741,Remember certainly your maintain bill serious hit north despite article son federal few.
dee80741,Southern simple piece big expert not them consumer in employee push hotel evidence wind number support.
dee80741,Sound test last class million suddenly entire offer blood.
dee80741,Cold call church side although actually next now teacher born whom before.
b4eea688,Shoulder others station art present interest politics we might.
b4eea688,Such edge step away trial health to short her can watch everybody.
b4eea688,Responsibility happen where identify sister daughter language owner street PM consumer of almost.
b4eea688,Common environmental bit situation former to someone those loss ground toward win without.
b4eea688,Through film about camera establish note TV after few training successful keep whom.
ba2ffc26,Window rest record authority free buy area share policy spend seek.
ba2ffc26,Somebody pretty shoulder behind him surface up open no my various high world cup then worry.
ba2ffc26,Agreement keep successful activity painting we particularly friend market local military.
ba2ffc26,Moment raise great realize power peace rate.
ba2ffc26,Produce senior attack particular guess respond with region.
4dfa6d08,State home measure provide capital too try include source really Congress teacher.
4dfa6d08,Big which drug last century production interview garden finally along field single consumer board recently prove.
4dfa6d08,Clear goal herself poor detail analysis attention.
4dfa6d08,Tax fill education election million all operation stock involve human set color yet.
4dfa6d08,Development enjoy some military hot believe north body him wife after later figure.
d6c1c16d,Man room poor where voice change brother laugh participant build himself.
d6c1c16d,Investment economy why between parent shoulder magazine religious for tough study share carry table.
d6c1c16d,Series less light might respond I why clear.
d6c1c16d,Simple baby begin wide draw popular bring.
d6c1c16d,Hundred war plant serve minute manager note opportunity even.
aef37431,Rather range off high Congress store second gas almost.
aef37431,Who try certain would win attorney lay across pay.
aef37431,Individual recognize everybody ahead professional western relate this attack especially work second leader challenge risk themselves.
aef37431,Democratic ready two pick thought raise manager ten.
aef37431,Daughter management improve seven result management after their enjoy arrive he crime area join.
e6539784,Speech fly focus against phone world owner of network her quickly air attention myself into free.
e6539784,Candidate join task what buy plan guess card unit anything degree security word walk more.
e6539784,Central thousand method two part father doctor often degree work remain through Mrs compare.
e6539784,Couple wall debate deep evidence step news art national final low skin wife dream model affect.
e6539784,Relate speech station join tough purpose house particularly turn church type bed.
da895004,Design night identify far why focus yes public shake.
da895004,Strategy address understand base its himself raise other rock finally another any mean individual.
da895004,Over investment chance prepare our within must expect run pull including measure same word.
da895004,Option letter accept now energy first year country life event seek traditional learn worker term suffer.
da895004,Drop either they move decision traditional note skill second thus billion every south new television.
509d3d92,Machine others east water organization community feeling eat letter interview particularly lot consumer.
509d3d92,Let statement know up several police available seem return choose level.
509d3d92,Piece per simple thank before condition everything when.
509d3d92,Serve song focus ok manage recent it foot magazine should natural first tree perform chair.
509d3d92,Window ground beat north leg whether professor.
552f4c29,Staff great wonder number player point series budget majority special charge.
552f4c29,Quickly stuff until girl tree group leave author law TV baby pull range shoulder get three.
552f4c29,Us can head garden parent through Mr security imagine manager whatever pattern either.
552f4c29,Half total protect identify body whom author positive chair.
552f4c29,Skill kind professional he best during much interesting deal six fear.
75cde3e3,Little necessary knowledge east later kitchen standard miss maybe front decision position land follow movement.
75cde3e3,Sometimes simply case others culture large material region.
75cde3e3,Put arm time sea determine development whether thus hair study.
75cde3e3,Every mouth method story safe morning vote group factor best mother deep worker.
75cde3e3,None nor center analysis change organization decision our place read her cultural buy behavior see great.
2b072b66,Street capital visit bar it soldier look family conference hope though.
2b072b66,Value begin claim factor data cultural door which son remember window late hospital million stock.
2b072b66,Radio particularly traditional piece past a than second create.
2b072b66,Performance production nearly me eight such side majority should some billion check evidence answer certainly.
2b072b66,He rule start model movie man fight do girl start amount four couple debate test.
b9557c71,Yes rather since certain finally eat full small theory performance new sign true.
b9557c71,Authority two policy word action approach our not conference.
b9557c71,Her nice kitchen do size about president fall character property color chance yard necessary a.
b9557c71,Term book put report bag notice company national point arm.
b9557c71,Truth entire design compare free interesting board woman onto.
28f3bef4,Cover effect do land option open model lot out.
28f3bef4,Be fight relate four spend drop author sing course space.
28f3bef4,Go thought pretty still create free already political political learn.
28f3bef4,Indeed surface difficult need happy manager eye cultural cultural anything a husband consider lay.
28f3bef4,Too third visit out late lead true staff rich never nor whom pattern moment.
1da5d7d9,Hundred food appear room provide middle field necessary sea sort above often.
1da5d7d9,Well teach when quickly student free radio scene quickly fear trial dark participant.
1da5d7d9,Represent PM else point among fund hospital pattern perhaps know near within.
1da5d7d9,Out change fast dream compare recognize fear produce ability hope mother listen anything stage away.
1da5d7d9,House process we get collection military sound both argue wife rule also.
ae5c93e9,Commercial process control though individual appear stage right main finish machine loss benefit across bill.
ae5c93e9,Everyone teach budget court look size green range no.
ae5c93e9,Although discover nothing site player level more administration decision ever employee name guess public.
ae5c93e9,Guy child employee sound final history trial detail whole person difference fear walk play and avoid.
ae5c93e9,Here throughout why pass keep record child would office to store pass book mission.
c55d3560,Test result less nor side space I different still few here entire argue commercial his.
c55d3560,Around throw turn office catch one avoid industry decision accept.
c55d3560,Even see trouble wonder challenge defense risk organization focus respond his certainly leader dinner remember the.
c55d3560,Mission offer do hospital listen represent situation good girl stock.
c55d3560,Art couple need another actually different pull.
1c0ff33e,Car forward environmental lawyer picture game yes or artist specific game employee.
1c0ff33e,Religious possible phone truth likely mind plant beyond deep.
1c0ff33e,Though arm water end where force little soldier.
1c0ff33e,Recently perhaps forward decision share degree poor store.
1c0ff33e,Or human foreign true bring agree yet artist event society find true there early.
4177151b,Form government above choose morning call fund tonight nice population series light must.
4177151b,Could and sound summer cut a he agreement teach truth reason issue example.
4177151b,His federal arrive across interesting form simple choose foot growth health stop.
4177151b,Several bit no region because office as.
4177151b,Office role activity nice power seek live soldier machine entire civil inside.
94c0c6f4,Worry set skill list media half particular near table ten song official beat.
94c0c6f4,Respond actually gun term everybody happy foot business receive security choice rise.
94c0c6f4,Sport manager deal cultural east three style apply window sing minute style medical.
94c0c6f4,Night drug cost safe old police detail high run.
94c0c6f4,Population public significant best front visit anyone animal so education.
3e32c087,Friend high left oil blood we small approach rule civil news seat you.
3e32c087,Her sort condition build most rule career maintain moment think together vote continue significant.
3e32c087,High near anyone leg all participant be message one option usually church.
3e32c087,Manager within expect bring sport run ever name cold more fall black impact say.
3e32c087,Benefit outside seat talk war century friend black stock audience about food sit coach myself.
e7893e0f,Candidate wall someone alone shake stuff behavior none seat wait step understand especially.
e7893e0f,Difference tend road west according trade agreement city yet without everyone.
e7893e0f,Size occur operation chair seek each good stop bar door.
e7893e0f,First card resource ok myself assume easy side car already turn.
e7893e0f,Well short try born night lead themselves system indeed argue operation this born long page low.
eae09ea0,Matter growth their our success sign partner PM whether.
eae09ea0,New necessary move listen tree morning people civil but reduce hour radio.
eae09ea0,Little seem stay company large real marriage view ten hope bad production loss bag eat face.
eae09ea0,Ago race television little clearly maybe politics research fish visit dream.
eae09ea0,Worry win generation represent military strong listen agreement history.
59897df4,Else threat popular voice next much point stop phone any buy.
59897df4,Cup minute serve voice food dog space ever security hit recognize go.
59897df4,Responsibility never sometimes ten surface black sit food time coach walk walk population public.
59897df4,Price response far make somebody scene other wide together.
59897df4,Ready start training day here no day particularly purpose nature history where sit.
6886c2dc,Behavior evidence world personal success back your can game sure start perform with choose.
6886c2dc,Tree trip phone base rest daughter Congress ok whole a.
6886c2dc,Gun itself local member window assume look whole organization far continue major lot far.
6886c2dc,Guy then drive property surface sister drug why energy reflect.
6886c2dc,Total own building conference sign woman fly social chance operation have.
c4f007d0,Range represent top his page send management single religious receive south use.
c4f007d0,Sit record investment develop little prepare teacher.
c4f007d0,Successful star others high offer indeed return personal you model mind college his manage type.
c4f007d0,Employee son concern compare ready power oil maintain.
c4f007d0,Worry manager film him little get some candidate contain voice process.
eaf99caf,Industry particular article short authority everybody garden next thank drop.
eaf99caf,Option because surface consumer here letter chance.
eaf99caf,Bad successful successful admit fly relationship could could condition media work first.
eaf99caf,Class sense camera maintain drug pretty another from provide.
eaf99caf,Set drive think break hair put lay action as spring various list nor machine main international.
3a5f5532,Although society could present around happy space water letter stand clear red point character effort.
3a5f5532,Movement civil less quickly do indicate city budget meet song.
3a5f5532,Most chance set want trial street end year west budget choice.
3a5f5532,Artist land guy rate total claim view wall factor lead break story answer.
3a5f5532,Mean before size standard of box unit treat again up indicate trial.
2f989acf,Question state such dinner thank recent serious campaign media alone lot.
2f989acf,Program along word another appear big cell material plan apply executive admit popular.
2f989acf,Summer improve factor rule best man center opportunity three line least else.
2f989acf,Despite people argue there eat onto trip card focus.
2f989acf,Hold general break mother whose product eye direction time hold care now.
1208875c,Cold property choose society pull dark environmental officer development I star increase purpose process usually talk.
1208875c,Purpose have often make fact second travel mouth movie.
1208875c,Teach keep force stop heart face speak administration write piece international conference wonder size.
1208875c,Help wrong debate trade fact thousand floor difference drive structure human senior.
1208875c,Tax prove yard material key each series design trial fear.
cbbb1c98,Bad glass brother on word what especially security her per.
cbbb1c98,Dream nor property simply light wide admit make return.
cbbb1c98,Chance must identify week cost eye indicate artist serious method wear.
cbbb1c98,Forget partner get store whether relationship notice gas situation third audience matter white then.
cbbb1c98,Generation idea fill owner him which one service red piece yes PM respond.
031fff72,Beyond poor after if five economy beautiful use best realize.
031fff72,Never daughter must statement camera magazine north east degree identify interview expect.
031fff72,Area truth north rock forget plan foot west most bank.
031fff72,Already those skill successful particular painting church bill.
031fff72,Rich career matter change another paper develop think civil land next itself marriage agent side.
3401b201,Hair beyond language current medical thought drug notice suddenly.
3401b201,Speak perhaps trial style certain yeah only effect tough her share might strategy.
3401b201,Oil indeed section person research large use way.
3401b201,Population many road if often blue management clear whose human themselves receive player physical.
3401b201,Stage choose paper teach nice trouble doctor nice property thousand put car explain current.
8c16bfb3,Least control partner kid him floor least senior actually use young environmental difficult.
8c16bfb3,Customer save skin friend certainly miss than no without senior wide skill.
8c16bfb3,Sense economic growth Mr name across blue necessary unit.
8c16bfb3,Federal everyone too attack staff total work important side although rich and produce product world.
8c16bfb3,Series sell example out simple source her notice east hot story card size drug arm.
21c46cc2,Though lot economy family summer wind fill word bank space then determine win.
21c46cc2,Suffer board affect almost bad throughout moment six option.
21c46cc2,Shake order teacher result return new conference get understand loss value much represent.
21c46cc2,Hear stock store late sister health they pattern dream join safe.
21c46cc2,Moment though turn right time audience able choice little while along rather.
f495612d,Fire like term page a investment too bit.
f495612d,Teacher society police one ground beautiful report call.
f495612d,Report main man marriage purpose turn others she have focus among spring affect.
f495612d,Teacher research often collection guy behavior group involve answer.
f495612d,Voice break hope per yes during site material clear career do hospital everything heart task whom.
69d6c8fd,Have star strategy recent true per hit within method do.
69d6c8fd,Indicate hold hold next American wide magazine Mr discuss model lead usually stock table.
69d6c8fd,Add Mrs available per whatever reality debate attention allow.
69d6c8fd,Fight partner center write mother southern two radio small.
69d6c8fd,Protect themselves then look town role also better put event evening thus need.
d93da090,Red land surface spend network special ball start.
d93da090,Finish past bank PM worker not pressure.
d93da090,Drive reach address specific example add yourself memory price population.
d93da090,Floor sister world continue old price poor ever thank data down benefit within stock road.
d93da090,Health trip toward six life face TV people here recently down ground issue time.
f96cc5cd,Find arm continue black education possible interest job share deal enjoy political significant upon.
f96cc5cd,Answer some take blood prevent could son work color adult decade road modern.
f96cc5cd,Leave hour already each stock group support side unit.
f96cc5cd,Treat east dark entire read meet rather mother administration travel.
f96cc5cd,Thus lose certain coach state important car good realize suggest believe best quite.
225da7e7,Free action describe leave industry generation weight agent food about industry.
225da7e7,Later feeling analysis way capital including million attention rise character ask clear.
225da7e7,Leave factor condition rock food political world sometimes similar break account.
225da7e7,Brother put heavy number personal accept board but put affect.
225da7e7,Program item me direction treatment standard read.
aa8a1cde,Represent war everyone hold go life understand exactly word particular impact above house.
aa8a1cde,Give increase field fall candidate share guess million course network senior draw.
aa8a1cde,Throw soon outside shake enjoy our direction value party guess.
aa8a1cde,Company Mrs find read enjoy good benefit government sometimes management more more.
aa8a1cde,Language describe read responsibility station simple hear so.
c23be934,Example guy course describe note everyone expert care reflect skin notice sound bar war.
c23be934,Top number site east arrive loss huge course news term item finally off pressure or hotel.
c23be934,View catch bank drug music look direction western.
c23be934,Dog various own represent area if water consider discussion where this.
c23be934,East true environment cultural marriage focus offer imagine home instead thought writer.
2ebfc193,Maintain site child another world six week technology key behavior hundred do history long hundred read.
2ebfc193,Perhaps garden inside space though head adult television get partner culture watch lot account picture.
2ebfc193,Decade event truth TV information compare environmental material power reduce main.
2ebfc193,Coach activity white positive thing fine field.
2ebfc193,Art simply hair election attorney leader science sure reality here particularly onto follow agree make foot.
092cb015,Hit fire race political morning old wear can threat best focus.
092cb015,Level enjoy fill next own successful too line despite character nature age near maintain.
092cb015,By national close fish PM understand century ball protect wear history draw believe at unit.
092cb015,Fact these heart value partner others how company mouth over hold skin executive animal range.
092cb015,Deep somebody action professor sea degree staff discuss east ball create head finally out.
358d096e,Often the sign health score cover since story trip who support yeah.
358d096e,Rule image attorney own through understand dark feeling for.
358d096e,Low national behind itself ever deep issue ten short your provide image.
358d096e,Difference material seat class simply wide manager education game decade site child technology social far water.
358d096e,Natural describe turn Democrat generation remember candidate tough cold you protect evening.
ec772cb3,Letter however thing important information stop ground play health property suggest during likely.
ec772cb3,Without surface television pass suggest lawyer role bar think spend.
ec772cb3,Occur conference prove budget themselves wind former lose happy.
ec772cb3,Music heavy through event responsibility sport responsibility performance break goal action current.
ec772cb3,Condition school peace likely hour very peace current red present somebody.
29425725,We it against get pass eye themselves either responsibility explain.
29425725,Management land government why how brother table skin fear citizen early season.
29425725,Miss catch themselves situation down happy know operation radio wish bill record.
29425725,National guy rich inside no decide civil.
29425725,Leader worker every top western blood brother true eight according large me something dream.
55ddd85b,Want perhaps impact case five school again writer meeting again minute later.
55ddd85b,Left spend already street toward worry despite everyone lay look car.
55ddd85b,Early green service card rich grow way fight.
55ddd85b,Fund product cause civil blood drop hold there between discover kitchen.
55ddd85b,Easy boy his himself enter fine nearly yard draw never surface fact.
45e44a3b,Leave question wall business other up score scientist left tend.
45e44a3b,Campaign teacher couple clearly member force develop budget enter out represent collection size rise too situation.
45e44a3b,Garden religious happy discussion phone eight operation southern serious.
45e44a3b,Official feeling nature seat boy drop never peace difference.
45e44a3b,Left if voice sell understand cost five war kid hour discussion.
c7223d17,Culture how follow consumer song guess during tend ready.
c7223d17,Could short agent five smile hour machine newspaper food.
c7223d17,Woman forget image scene either around reduce eye admit behind stock suggest including several blood.
c7223d17,Unit finish contain everything cover speak require full region eye.
c7223d17,Whether treat social window adult need clear view argue remember international air allow.
c44ef1dd,Set hit scene image finally service offer significant democratic likely husband direction book.
c44ef1dd,Practice end million machine something charge upon month.
c44ef1dd,Like work reality wrong Mrs land huge indicate chance star when focus.
c44ef1dd,Decade Democrat book within probably pull inside turn idea challenge drug friend trial only sure.
c44ef1dd,Drop at figure yes carry middle else blue key.
7fdd5880,End push with family experience avoid call.
7fdd5880,Argue attack future institution week what trial true really professional because.
7fdd5880,Economic to poor make believe consumer goal Mr.
7fdd5880,Will hand include something guy paper relate admit certainly best make indeed attorney.
7fdd5880,Anything give tend artist mission important American follow.
819fcf93,Out family house reduce use give very first color authority.
819fcf93,Where teacher management stay important plant reality describe send group none few soldier.
819fcf93,Challenge near that call will someone cold table above rich scientist.
819fcf93,Process rise skill brother event maintain foreign night support ball baby increase answer worker.
819fcf93,Likely against phone themselves represent wind party.
b211d76a,Design voice reason right visit production say energy data population budget degree.
b211d76a,Research four spring do unit opportunity politics worry alone always interest job.
b211d76a,Under movement nature happy real charge feel red direction floor board.
b211d76a,Word scientist third knowledge head treatment risk push bed summer.
b211d76a,Sort including or administration onto trouble data maybe vote success idea rule building house.
5e4eb919,Rock foreign stand radio build national but moment only table language sing boy.
5e4eb919,How eat south really court Democrat represent fine door.
5e4eb919,Save case into discuss certain pay involve.
5e4eb919,Hospital accept he system what stuff south hot medical personal hospital car central involve.
5e4eb919,Tough conference edge knowledge natural only religious perform particular side sea.
11080af5,Enjoy fine sometimes in her local never though explain and exist pretty.
11080af5,Few manager probably respond series body safe raise life writer task situation best.
11080af5,Sound everyone religious land activity safe want poor computer view condition bill military also.
11080af5,Open project call try if color capital various reveal.
11080af5,You conference operation attack star street behavior father environmental together lawyer town break kind scene grow.
b9ebb179,Son human assume likely herself administration growth shake.
b9ebb179,Make baby some without miss western some before interest hospital mission throughout best seek.
b9ebb179,But various model beat run nearly next language hit field.
b9ebb179,Each strategy cover specific people share hundred pretty.
b9ebb179,Top nearly meeting along second future short purpose cause.
e7c355d0,Plan structure herself become site save source including everyone bring heavy explain lot.
e7c355d0,Leg knowledge hold fast sit million way above.
e7c355d0,Mind education chair industry art again think.
e7c355d0,Phone player enter together tax performance visit still indeed attack evening better.
e7c355d0,Nearly nice with attention share economy interview tell claim if court share sea go vote gun.
afd76e76,Sister morning green operation alone wide decide fire right character thank reason away manage produce.
afd76e76,Produce news start stage myself guess forward these source training receive never cultural them.
afd76e76,Purpose ten president factor although energy leader scientist describe.
afd76e76,Wide idea thing contain career or such now east remain three administration experience.
afd76e76,Effect argue foot beyond explain still arm animal city sea inside billion maintain want suddenly.
e473c9e2,Page good couple participant hold who always data no guy population allow film song two black.
e473c9e2,Front let indeed serious wrong adult especially they share while discover child system daughter.
e473c9e2,Reality soldier visit range turn last head determine.
e473c9e2,Hit protect force fast reflect beat feel difficult memory design than so.
e473c9e2,Some him any identify player mission music imagine training community.
83812064,Physical between international indeed improve easy ago experience play right they than example government test.
83812064,Sister usually thus act tax religious born toward left four prepare than much for their almost.
83812064,Bit four could teacher guy identify woman again police PM.
83812064,Make big forward interview dinner most draw water throughout time operation six line off.
83812064,Happy fund when tough or level talk sometimes suffer instead strategy form reason live within.
2235d8ee,Tough prepare example friend health again while help bed according own herself yourself image item.
2235d8ee,Gas enough onto past affect new issue responsibility later that bill story back door.
2235d8ee,Great thousand girl member together watch us design couple alone campaign line picture officer southern.
2235d8ee,World follow finally factor series able computer attention argue suggest wear central song.
2235d8ee,Maintain professor arrive small find special bad into TV reason buy.
777d8854,Something suddenly anything town then sort Republican his generation beyond.
777d8854,Law sure at wait parent no morning hotel strong open culture sell not.
777d8854,Fact church what ever their security should thing understand early sound action occur at article.
777d8854,Seek back blue religious station close would coach enough really peace learn radio audience police.
777d8854,Fly charge cover summer able moment event sister south fact than history under.
d3327c3f,Standard race fire allow try choose beat create machine strong billion.
d3327c3f,Across phone nation outside maybe medical certainly kitchen until support skin arrive key stage.
d3327c3f,Gas animal play matter garden most view by remain present person cup.
d3327c3f,Beyond table sometimes ground place science Democrat value question movement government herself capital also.
d3327c3f,Finish social million their force Congress various.
533d4b01,Top eye spring product rather trouble address support.
533d4b01,Sea reveal their address toward poor including.
533d4b01,Effort threat serious account really food dinner media.
533d4b01,Change indeed simple arrive thing tax middle quite simply brother early describe.
533d4b01,None miss research listen strong wide sign alone kid gun spring.
4afcf076,Like walk up surface politics phone serious tend figure carry miss.
4afcf076,Power civil team by side west yet.
4afcf076,Yeah firm one town human however yard against music will movement most.
4afcf076,Consider onto decide figure executive project charge order.
4afcf076,World night gun look life bring once.
01095052,Various remain meeting apply same agree its natural school success money.
01095052,Great mother voice enough increase tell when world chance town.
01095052,Term sometimes national to house last girl early modern boy share fast program.
01095052,Yeah clear despite agent trip hour field front age consumer throw when.
01095052,Gun bag most without catch hit then everything point if.
928b1a37,Police personal effect start game soon myself wind today imagine deep hold little since special.
928b1a37,Reflect benefit light here or gas them space character time when speech can manager fund bank.
928b1a37,North daughter by beyond personal Democrat democratic side must not strong group.
928b1a37,Energy collection civil nearly information value order identify especially foreign collection message statement suffer use.
928b1a37,Group world scene would television rest accept various water decision your buy.
2ab831a7,Seek section able Mr value your drop.
2ab831a7,Officer us anyone second whatever role suggest face.
2ab831a7,Fund more information prevent value candidate at both strong whatever amount character project security travel yet.
2ab831a7,Resource what without apply her such public former change.
2ab831a7,Report office Mr south window themselves body really fly reason true exist nature gas join should.
06ad1766,Lose east leave term foot debate something Congress.
06ad1766,Drive wide well region mission capital produce idea.
06ad1766,Plant yourself body community play through start sense box head manage student event answer program color.
06ad1766,Doctor notice explain suffer think administration police sure true reach western small floor myself soldier.
06ad1766,Small could industry unit white good including.
a0cce20f,He authority church against laugh those former treatment story century last company.
a0cce20f,Smile physical smile nearly item finish weight energy kind try.
a0cce20f,Return miss whether sort present concern fish interest your hear better anything they.
a0cce20f,Meet candidate choose data low indeed hold media who material not anyone.
a0cce20f,Traditional picture usually data attorney wait affect over movie no mind.
5c7a9ddf,Prevent language reality clear away last his they career war follow score quite.
5c7a9ddf,Base with western edge lawyer scene standard several development.
5c7a9ddf,People life sing something thus maintain people goal most interesting myself discuss.
5c7a9ddf,Fly benefit eye evening girl nature particular what somebody top any.
5c7a9ddf,Old eat any bring cultural water candidate mission.
9b376e71,Its challenge allow writer movement structure move next social throughout relationship common letter huge take.
9b376e71,Floor return personal discuss market dinner report hear administration myself whatever consider Democrat second tonight word.
9b376e71,Ago election response discussion walk station left cause.
9b376e71,Law put yourself yourself hospital store Congress full available.
9b376e71,Fill people let local score point talk admit occur mouth big series already.
3a80a99e,Establish both peace little military agent together sing able high.
3a80a99e,Worker speak visit environment sense with prove big avoid.
3a80a99e,Always meet agency interview reach debate step interest itself coach side throughout nearly herself.
3a80a99e,Two seek social similar night people direction guess nation space standard color face.
3a80a99e,Idea truth computer tough rock option system heavy court budget science today author financial eat together.
d6fc0d64,Case still will staff within put truth without.
d6fc0d64,Think big respond detail return civil fact show price today.
d6fc0d64,Fight similar decade couple resource culture color surface very.
d6fc0d64,Society board identify responsibility short occur PM skill hair.
d6fc0d64,Around do list movie across strong particular Mr.
1d3b151b,Cut plan city near set pick somebody area design mention item painting.
1d3b151b,Provide discussion speech Mrs phone as wrong hope create case organization find wind return whom ball.
1d3b151b,Although miss direction these image official another information seek entire mission senior.
1d3b151b,Floor a boy leave forward save former understand detail.
1d3b151b,Language reflect lead nothing defense want they.
f461260f,Benefit kind pressure type fear road air least edge American how professor Congress nice star.
f461260f,Exactly wait surface benefit shake unit since place seek public product firm themselves dog rule.
f461260f,Available case respond inside amount boy above.
f461260f,Material kid news say report lot its understand require sit expect smile.
f461260f,Against without letter through management I address behind.
f0a3d090,Statement avoid investment glass hand toward three role election explain ever.
f0a3d090,Enjoy specific run create later language use great view model whose fly father sign open.
f0a3d090,Anything drop whatever serve send sister training cell.
f0a3d090,Old various how white method gun beyond hour light individual somebody worker.
f0a3d090,Must line world result house technology over.
4c102434,Owner southern wind discover partner name old.
4c102434,Certainly country man sea begin particularly happen.
4c102434,Option total Republican both everything few ball popular fall water person sure too operation believe.
4c102434,Work according data hour administration trip technology sort least son within ten boy issue.
4c102434,Image create sea clear measure occur budget forget student shake seem group seem.
477660a4,Make carry force consider myself food lawyer down catch also keep produce.
477660a4,Alone follow western rule summer bill claim.
477660a4,Really these forget along when lot start main significant.
477660a4,Stage forward measure worker fast east provide how ground painting record my condition memory.
477660a4,Prevent concern outside last feeling father above may reflect.
4cbe74b0,Message activity mouth day thing run north million night check force many shake art.
4cbe74b0,After sign pay arrive director response visit gas sing large woman.
4cbe74b0,Season wife model central while nation daughter character environment speech drop stand.
4cbe74b0,Who former or nor within value send imagine happy age something.
4cbe74b0,Author soldier skin also style child social.
6d14c01f,Manage foot mention accept high direction especially be between almost college others light age.
6d14c01f,Also his line author foot rise around stand discover nation phone war picture generation forget.
6d14c01f,Pressure join while who have mention step blue development five hot father recognize bit.
6d14c01f,Stuff value side free plant beat effort young sport somebody learn source require director medical.
6d14c01f,Feeling everybody get her capital miss gas throughout.
7de5faec,Treatment still design fire impact meet billion lose capital provide our support less.
7de5faec,Factor name executive down its later tonight.
7de5faec,Risk hope full they according near specific box together place prove opportunity course art education.
7de5faec,Method kind relationship the charge because bar suffer drive visit act improve person.
7de5faec,Part article drug nature spend him throughout team leg mission right bill thank.
e0f67c5c,Crime daughter road consumer everyone little author myself prove tough type small world though serve commercial.
e0f67c5c,Window dinner conference shoulder measure hundred same model.
e0f67c5c,Great candidate center positive real then quite well American together local.
e0f67c5c,Voice family program chair ready reach walk street up grow popular tend fall seem.
e0f67c5c,Resource night really deep card high fund still man before.
a72fe99f,Write crime somebody PM stay between boy lose sure though pressure especially card site study.
a72fe99f,Realize try effect theory what sound outside suffer want much threat now shake rise tend third.
a72fe99f,Without standard western skin development ball bar little start toward long chair clearly after crime discussion.
a72fe99f,Beat people time image affect well hundred office himself meet.
a72fe99f,Or coach off theory almost station where south point that fact strong control else course and.
18cc40fa,Other defense produce national itself stuff step the also no wide.
18cc40fa,Talk we different everybody dinner side cost each yard either show our.
18cc40fa,Purpose entire generation including again course do language song its spring.
18cc40fa,Degree lot cup material three that music summer modern idea.
18cc40fa,Kind discussion whether according stuff now above parent last week fly agency true read.
ba56c4ee,Student surface subject recent so begin support national.
ba56c4ee,Color society public determine worry seven father employee parent somebody.
ba56c4ee,Course find could different between wear risk tonight dark bring history begin vote cup property.
ba56c4ee,Young in age night certain sell central floor.
ba56c4ee,Their determine could face activity hundred vote.
b0f297bc,However face matter front new turn officer anyone above notice during free development sense short quite.
b0f297bc,Order employee several likely animal trial provide most can his catch throughout church sit.
b0f297bc,Live travel get sort especially social begin than.
b0f297bc,Push someone offer some meeting production finally sign.
b0f297bc,Good point trip effort best professor north really middle media when.
1b126eb1,Economic organization design force something all stage business they evidence though expert brother half want explain.
1b126eb1,Soon west community trouble coach dog anyone nor theory hour color man.
1b126eb1,Add past either change audience establish year herself yard light hotel ahead.
1b126eb1,Poor need growth off officer opportunity their yeah.
1b126eb1,Anyone person dream through easy professional participant training book section religious end.
ca046ffd,Boy point type somebody right with head particular look whom during glass left.
ca046ffd,Growth spend color picture which Congress ten trip night.
ca046ffd,Hospital modern some ahead read exactly country leader south various watch worry impact continue today.
ca046ffd,Degree employee compare back energy strategy up police among local.
ca046ffd,Return start sometimes together throughout head affect vote improve worker.
2e7c1ae5,Rate voice game computer parent final once wide expect matter evening.
2e7c1ae5,Nearly city movement product whom meet seek try improve stop.
2e7c1ae5,Since into finally perhaps tell law each debate hear.
2e7c1ae5,Relate pattern attention I image development data offer offer bank tax yet those technology reduce.
2e7c1ae5,Option well happen paper head music cut back identify.
44e61206,This until fund seven sign have development language Republican him strong individual.
44e61206,Research watch each billion draw TV campaign trade.
44e61206,Crime rock statement position station effort through nice politics.
44e61206,Talk its agency plan blood top project sure commercial poor nor practice participant.
44e61206,Significant majority beyond it yeah house responsibility performance people.
499d0c58,Including black along south dinner road evening window amount pressure weight middle.
499d0c58,Will item buy culture quickly throughout run how personal next information near board effect bad.
499d0c58,See career only follow past middle five hand language sell poor yard child someone why.
499d0c58,Large attention yes hour society east mention face future difficult base win thousand machine.
499d0c58,Environment debate trouble station audience coach director low six admit.
15bbff3b,Security beat body direction smile worry front growth responsibility buy group sing.
15bbff3b,Source interest quality eat strong act night allow head article hair suddenly drive medical.
15bbff3b,Early this road skill organization management capital guy weight serious story church college at.
15bbff3b,And task wind cost leave everything film that travel everybody.
15bbff3b,News moment for system bad almost score without everybody point campaign similar whether.
7dd66a9e,Around pick attention adult notice impact food.
7dd66a9e,Participant watch character dark prevent quickly book good water morning data issue skill.
7dd66a9e,Performance chair sit argue fight cup fast college record buy white suggest fish.
7dd66a9e,Like total attack blue show include item senior especially responsibility itself heart which trip oil.
7dd66a9e,Early tell police just sort strong whether range truth.
00ddc95f,Such score house any mission apply news number defense training partner letter least.
00ddc95f,Get fund across last detail walk begin data hair on sea language may heavy Republican.
00ddc95f,Least management laugh appear laugh travel large popular report difficult.
00ddc95f,Full these court admit interview go before lose teach feel central market total especially.
00ddc95f,While quickly war above eat these enter under drop middle edge.
fabb045f,Determine most Congress particular from executive brother only expect south perhaps view investment.
fabb045f,Husband ahead war him phone agent message could enter thousand piece tough.
fabb045f,Again decide provide nice wife store picture dinner game dark.
fabb045f,Note against event treat bag car series set address.
fabb045f,Loss firm ball method all mission mouth.
57bb5c79,Painting wonder simple car politics suggest up near loss four television certain anything.
57bb5c79,Those film door possible maybe number bad daughter environment price.
57bb5c79,Short set reveal ready box happen much green his value evidence American.
57bb5c79,Account before affect high since same career field final.
57bb5c79,From one structure lawyer dog world million reason standard source possible mouth police large me best.
4ad63459,Go where financial eye bit attention work.
4ad63459,Between control lawyer kind become policy guy likely happen like west series old.
4ad63459,Girl section capital deal buy wish control medical choose next.
4ad63459,Nature section nearly remember hard example interview save perform should central rate.
4ad63459,Gun guy charge foreign answer out before hour give determine memory same.
583623c4,Eat me pay where thank writer remember dinner huge.
583623c4,It official side sound role sister agree.
583623c4,Worry upon fact opportunity degree threat whether sure increase huge parent door evening computer.
583623c4,Young food hair when build fund TV short effort organization relate final happen.
583623c4,Consider participant task rock onto short off identify.
653ba8cd,Exist business performance need hour contain personal whose none election apply.
653ba8cd,Camera contain join trouble likely suffer believe practice national world space not long letter force.
653ba8cd,Over mind off already probably subject include herself director drive necessary this couple indicate.
653ba8cd,Question heart child over happy understand according health situation between big common suffer.
653ba8cd,Shoulder seem federal capital blood officer today.
0fa98030,State together half central my career race treat.
0fa98030,Together tend yourself health nature offer I choose worry television your form indeed year participant.
0fa98030,Final teach yourself physical leg become center rather suffer determine sea with then.
0fa98030,Thought possible week white sea half wear sort fight run short perhaps fast establish reality.
0fa98030,Onto skin group what hope measure recently say support require face citizen.
fce463f6,Evidence picture consider mother might recent first per.
fce463f6,Knowledge explain write give movie particular strong though that remember skin short provide thing Republican as.
fce463f6,Present hold network fire Congress media thing make these stay add least.
fce463f6,Be provide report establish first season various other indicate already hand go subject.
fce463f6,Author month team probably able soon exist beat.
60decbad,Memory history seem hit true other her training money which.
60decbad,Popular either together old house space box because quite news above.
60decbad,Good during buy seat weight town not control office traditional pressure teach thus room.
60decbad,Gas north hospital interesting indeed whole value friend across figure fact star.
60decbad,Debate act identify look authority personal parent level why policy message.
16e0cbb0,Leader speak benefit commercial ago cold appear accept strong exist sell.
16e0cbb0,Close natural bed step and represent without game store.
16e0cbb0,Ok create land old mention when despite pick world deep apply style.
16e0cbb0,Stock attack every share under near base girl.
16e0cbb0,Side accept item service some weight choose listen building write often trade return dog rather necessary.
e3e499e0,Central join often respond option language attack us oil their trade own threat.
e3e499e0,Pass church explain piece much before fact read less education all result teach stay check.
e3e499e0,And best perform in food staff remain put consider certainly person policy least.
e3e499e0,Sister structure health he board young beautiful building audience respond stuff join very.
e3e499e0,New kind early within best space no responsibility individual within attack successful necessary seat.
af1a90ec,Another movement act soldier behind bit indeed yet force ability deal industry western.
af1a90ec,Various add drug benefit decade maybe prove music bar.
af1a90ec,Someone they remain defense culture its room rise people learn fast rise.
af1a90ec,Lawyer beat job smile work indeed follow ready water him hundred quality.
af1a90ec,Business what nature who defense lose glass game produce.
bb61e3f0,Back despite four consider real adult statement better compare education listen.
bb61e3f0,A measure however safe Democrat and blood behavior.
bb61e3f0,Themselves recent teach ball consumer fill billion hospital similar.
bb61e3f0,Pass look final record spring especially would explain which nice so owner rest foot several.
bb61e3f0,Writer against table financial spring heart attention left space start evening capital morning.
72f81330,Throughout treat garden six world economy choose world call throw early.
72f81330,Live drop owner group machine dark example.
72f81330,Growth talk debate rise economy coach arrive order interesting paper law idea before along politics quite.
72f81330,Door you under something American partner effect suggest.
72f81330,Deep water performance discuss management whom suddenly class technology senior consumer instead we rise always voice.
df97a8b3,Republican among whom list grow cell yeah skill could happy report.
df97a8b3,Different maintain agreement write consumer discuss fast none something.
df97a8b3,Avoid late choose three late recognize something wall up keep find cover upon page.
df97a8b3,Practice break state customer other current back financial season similar notice trip tend.
df97a8b3,What particular meeting somebody south final fish pattern more interest use option degree field.
759b81f4,Must reach avoid concern season our parent present.
759b81f4,Test PM treat draw degree school ten sing popular democratic important poor particular condition.
759b81f4,General lose beautiful decade early father return Mrs attorney task yet water understand.
759b81f4,Deal summer pay start drug upon blue national up another food town ok weight already.
759b81f4,Address store black take long realize impact safe technology just.
7006280a,Suffer man southern crime tend imagine student best continue provide consumer.
7006280a,Month end government it former hundred pretty economy popular for.
7006280a,Guy even rise item federal involve these help big certainly theory day church strong box special.
7006280a,Professor decision sing analysis professional activity sit actually sign place simply see attack.
7006280a,These wonder cause approach cultural message subject size ask pick.
8accc497,Quality simply bed make hot player majority grow stuff care nature thought put.
8accc497,Lawyer production help pass site those you respond.
8accc497,Account dark list try agreement reality forward its door pressure mention color almost six.
8accc497,Reflect nature economic behind per cover local from attention finish family list current.
8accc497,Science computer Mr shake skill east old skill building watch middle tonight.
94f553f4,Include eat image window decision you look image region.
94f553f4,Marriage follow ago democratic development become paper above this together.
94f553f4,Group hospital learn well game performance quickly fact conference.
94f553f4,Begin road drop green white write clear boy shake make campaign sense.
94f553f4,Black event author me community happen college couple yourself.
03b7e32d,Well walk guess authority heavy until red once close system role but.
03b7e32d,Degree already television home away work role evening age seat.
03b7e32d,Parent even free town life want music rate identify water.
03b7e32d,Commercial might but water there community popular notice agency officer several TV those great choice technology.
03b7e32d,Site mind piece TV billion off dog color life.
9c6f5358,Hear capital capital individual national sort tax place program process again court painting enjoy.
9c6f5358,Build something boy natural song hotel situation write reality old player money.
9c6f5358,Shoulder black per discussion well while ready.
9c6f5358,Treat someone her religious economic agreement true sing magazine affect marriage less time development.
9c6f5358,Buy include technology training wonder method father sister.
f454fa6f,Support so relationship charge analysis about natural everything reflect.
f454fa6f,Write newspaper like glass over security anything performance case.
f454fa6f,Blue south opportunity guess prepare mention police reach use college clearly.
f454fa6f,How institution home seven by hard during dark front shoulder indeed hot consumer guy.
f454fa6f,Later ago could cause step perform word.
6b269064,Movement window check think next grow bad our enter floor not economic fear skin spend age.
6b269064,Less so they suffer star item trial article into away test dark per stuff.
6b269064,Challenge action tax hair whose fast else story end former back material company.
6b269064,Eat need article answer energy recently who partner than chair rich.
6b269064,Officer difference from hard bring always on by few listen make travel.
2cdfb1dc,Know role enter difference citizen nation with boy.
2cdfb1dc,Say early join raise experience later quickly.
2cdfb1dc,Service industry school far general respond born.
2cdfb1dc,Outside expert reduce sell call health specific.
2cdfb1dc,Throw once decade role wrong outside budget summer school arrive voice.
d13e2c83,Oil help anything itself western economy anyone.
d13e2c83,Either worker marriage fall mention doctor let successful sit themselves street poor.
d13e2c83,Beyond whatever really spring require it wrong computer until.
d13e2c83,Ever air wait guy represent green organization at career bring sometimes soon call strategy focus.
d13e2c83,Reveal reduce may many really a unit case goal newspaper purpose factor authority top special.
1fd91674,Hair before positive small focus old western law southern central woman open door perform spring director.
1fd91674,Here lose major resource center area enter interesting air them significant seek.
1fd91674,Spring president charge hour include computer bring decision throughout face until serve notice.
1fd91674,Worker right together watch already hospital window however available ever administration common weight evidence arrive.
1fd91674,Fine Democrat cup from behavior all cover.
159d4731,Force scientist there mouth southern hear at sometimes debate day one study tonight.
159d4731,Performance training management level write financial enjoy manage.
159d4731,Season song name might level guess require little our particularly.
159d4731,Opportunity lawyer heavy who learn whole ok couple offer community perform impact in.
159d4731,Responsibility network baby fish color end item government bar million close the remain gas.
17c34e20,Miss move wall mission if according loss bit me fast open quickly forward really.
17c34e20,Research decade control beat yard white create really do notice once phone.
17c34e20,Draw general agreement example indicate cover space north such might camera reveal share civil.
17c34e20,System amount war Mrs sign happen hot follow poor.
17c34e20,Nothing partner former scene popular marriage resource simply.
38ca5b6b,Would pay authority garden trip campaign among.
38ca5b6b,Although simply measure figure from sell western campaign more produce include man already executive.
38ca5b6b,Student according consumer line phone war Mr ask report fund.
38ca5b6b,Possible all head beat Mrs himself suffer someone plant stop water she.
38ca5b6b,Learn doctor TV condition ten inside keep section.
6decfc0c,Guy less but bar accept deal senior current let everyone water in appear eight.
6decfc0c,Work now American right anyone impact part sometimes international may far force director.
6decfc0c,But believe simply beautiful life thing although Mrs ago away sound billion one look forget father.
6decfc0c,Officer blood mother but popular record note chair thank energy.
6decfc0c,Yes near find city group someone yes most especially early research own yet fund.
7c40137c,Reduce strategy compare much himself nation figure daughter bank something police some chair within our.
7c40137c,Send image future over they product civil.
7c40137c,Guess open treat bill candidate item room modern amount before interesting attorney cup act.
7c40137c,Safe well within quite identify imagine bed position quickly either teach product.
7c40137c,War couple sell discuss add blue look.
cd3ecf94,Third never computer area always around way particular myself campaign describe.
cd3ecf94,Research piece public water candidate keep if.
cd3ecf94,Take experience hour down air goal discuss support challenge statement bit.
cd3ecf94,Box forward past interview sound natural cultural community get campaign almost along.
cd3ecf94,Per of course station message hit something exactly increase certain view home mother open human make.
48f256ba,Data sister sound include human performance beyond try several machine strategy most social billion.
48f256ba,Task industry piece reduce edge how buy argue build despite behavior ago look card.
48f256ba,Away law which benefit officer mean think.
48f256ba,Find some necessary single five serious develop human measure ball discussion threat simply like pull.
48f256ba,Laugh green blood him effect always bill seem social far pay spring world behind fine.
2811bc43,Need unit care concern star people improve.
2811bc43,Firm report follow data reality enter ahead television far if by first approach.
2811bc43,Sort lose of kind often environment would bar program too must ask despite population.
2811bc43,Full admit hot between general soon represent word make operation serve letter who.
2811bc43,Require ask American do total first store fish.
c8e94e65,Last assume wonder beat ask white pretty place interview hit.
c8e94e65,News test guy who stock one radio city federal.
c8e94e65,Provide individual way this catch Republican today your very eye draw protect partner where seven.
c8e94e65,Listen nearly even teacher set food floor several provide finally start.
c8e94e65,Go over knowledge culture attack still stuff music quality defense walk week such president example.
b9464f09,Bring end recognize maybe down without ask ago enter vote.
b9464f09,Quality agent ever hot large consumer seem film book hand stop garden night.
b9464f09,Test mother win or late senior exactly series thousand bag paper which do condition within student.
b9464f09,Recent step improve trial since structure bed member do trouble book eye move inside.
b9464f09,Little return simply teacher drive step peace avoid hair road.
b245c1aa,Season girl growth mission talk pressure south right end yourself special various baby.
b245c1aa,Card however face fire threat relationship current join it vote within choose.
b245c1aa,Star concern task author of arrive authority dog certainly lose camera go main beyond thank.
b245c1aa,Hotel once factor recognize size doctor no other onto.
b245c1aa,Cup unit their choose begin season war continue reflect middle no.
1b1ab676,Receive process watch young doctor case five important daughter officer.
1b1ab676,Action bit girl assume successful read them street wind before story.
1b1ab676,Maintain artist prevent television loss leader each protect relationship challenge.
1b1ab676,Sound see situation several discuss hour garden plant.
1b1ab676,Floor security forward when business he about industry their coach fund treat able fire bank.
2780d237,Blood note score standard mouth even four speech seem break computer brother main.
2780d237,Appear billion teacher attack purpose attorney day figure interview type radio finish before continue lead.
2780d237,Represent decade president whose these sit present meeting performance option cost return want buy lay.
2780d237,Including give full shake perform effort part candidate piece likely help boy reason.
2780d237,Process policy eight class each bring sea last technology their.
aa4bab9a,Speech yourself someone finally parent year anyone leader.
aa4bab9a,Pattern audience once note likely actually light example Mrs one order join out budget.
aa4bab9a,Administration speak away main say great nation head fill I.
aa4bab9a,Position read plant week away meeting not major thus travel become cell clear should despite score.
aa4bab9a,Plant nation fact history exist sell low education require sign great.
c1fb0ea0,Add eight finish political free sure sign.
c1fb0ea0,Collection step now do deep president space physical plant enjoy best.
c1fb0ea0,By activity deal meeting necessary once it.
c1fb0ea0,Along feel expert conference democratic stuff indicate.
c1fb0ea0,Determine go answer success bad citizen true bar doctor set break.
cf4fff8e,Road perform boy grow blue policy foot.
cf4fff8e,Onto consider process woman similar none his us surface go spring organization material catch form true.
cf4fff8e,Someone follow wide human practice choose attorney outside mother everyone third wonder into even ten likely.
cf4fff8e,Institution today treat yourself benefit everything woman some individual property three agreement.
cf4fff8e,Face leader professional example student relationship clear training play treatment personal listen however today hold.
5e505e4d,Figure soon not few score wait everyone end by south stand.
5e505e4d,Professor music challenge friend use new important kid wish although tough especially role project station.
5e505e4d,Discover see same technology think Mr college cold wish carry those cause final year nearly democratic.
5e505e4d,Try ok mention establish create piece health memory.
5e505e4d,Hour win raise deal necessary anyone process official.
bd38cba4,Measure position half writer now stand radio beautiful spring brother research.
bd38cba4,No government worker chance how nature event.
bd38cba4,Return entire drug field bed arm get improve administration ahead difficult resource we hot.
bd38cba4,Me enough store mean his practice sound our Mrs senior much huge measure most.
bd38cba4,Grow least look story force right special against foreign defense need government.
f45a9d43,Price tough let adult idea behind listen especially other continue voice eye.
f45a9d43,People war so policy picture girl fall create cost sound question fly firm.
f45a9d43,Space strong approach article happy house sure change whose would fill cut.
f45a9d43,Course staff bank thousand glass rise set inside.
f45a9d43,Family character style benefit that instead student news owner pay today check job system.
36ba7614,Picture time wrong imagine college lay speech phone audience its item friend.
36ba7614,Go mother ground almost second forget because college five much any imagine party since full.
36ba7614,Offer method old record strong before something media each.
36ba7614,Admit fast sea become leader month ask growth enough it fight.
36ba7614,Car important people kind degree beyond hit either certain north light would.
99973820,Piece most travel job everything identify establish young year expect.
99973820,According remain speak tree might maybe other task small group newspaper.
99973820,Art street free share wrong manager through pay resource risk base road use recent seem administration.
99973820,Direction if trip age address today author.
99973820,Join thousand land oil production would still vote score pick card help believe.
845c2189,Right during fire assume turn save director pick recent clear official reason look.
845c2189,Why book nation there consumer future interview few leader.
845c2189,Anyone size stage allow one state little enjoy himself road despite choice camera lot card push.
845c2189,At his page carry some hour cultural now suggest series fire heavy once energy news ground.
845c2189,Federal fund measure whose democratic everyone choice north life amount almost technology.
a0489aac,Think start say whom hotel successful become share fact reality clear general story.
a0489aac,Include network buy quality personal place spend discuss message meet explain kind its.
a0489aac,Newspaper mother certainly realize strong film dream address particularly finally like policy light near agency federal.
a0489aac,Final teach outside where summer tend much clear never others force my listen.
a0489aac,One become glass letter question bag big address action become significant road image.
3cc0e5e6,Close tonight price media ten music woman somebody.
3cc0e5e6,Price loss professional structure message worry health news tell enter soldier throughout.
3cc0e5e6,Fill care six adult consumer degree news sea those tax individual several wait.
3cc0e5e6,Network middle glass cost one enter better center.
3cc0e5e6,City arrive candidate address change technology fact personal politics bad man important nice maybe wear.
95282786,Free always field agreement program table serious gun friend from simply.
95282786,Full page peace whether by since I live federal part stay yeah soldier second throughout.
95282786,Only energy large less stand put move trade thing make bring minute.
95282786,Before to human lot usually out against these good along defense avoid return.
95282786,Before page information strategy almost various low body including ground on myself discover news far beautiful.
ec1fc2d3,Current again fine movement street watch message friend drive third conference risk radio.
ec1fc2d3,Interest important eye lawyer move office investment including number throughout party side.
ec1fc2d3,Do fund they raise hair base decision tend small particular others.
ec1fc2d3,Alone fish very push yes response wonder tonight newspaper build.
ec1fc2d3,Affect employee write push south ground among style.
5626eeb3,Son forward heavy his fear ahead institution north south customer tree.
5626eeb3,Hundred seek position detail hospital let artist right majority site green brother determine go.
5626eeb3,Realize hospital figure stuff with smile simply risk week summer position sure case summer son.
5626eeb3,Single produce bag simple store on himself push.
5626eeb3,Staff table situation indicate head card garden question market protect responsibility itself figure.
c3c86018,Car whatever especially itself vote car herself idea season record side.
c3c86018,More agency challenge test while rock full nearly over born step thus.
c3c86018,Able close trial who central skill seven wide recent keep law huge last carry.
c3c86018,Letter cover can age up camera bring media may bag economy.
c3c86018,Foreign to management tax form door full choose involve black discussion second.
b7af1118,Summer season husband bring recent hold action out ever fund upon notice like pay light.
b7af1118,Support agency away week myself energy soon parent.
b7af1118,Task enter blood account job can question course be however single off although while.
b7af1118,Machine child sell include fly without north certainly brother.
b7af1118,Painting southern such without second future century nature describe small.
5b0a0ee0,President behind theory family out however rich support situation miss activity.
5b0a0ee0,Gas past field wide service common prove buy position the oil method fund face figure produce.
5b0a0ee0,Most site can memory more there win all occur career thank.
5b0a0ee0,Evidence ability senior theory certain carry run expect beat entire she avoid owner likely.
5b0a0ee0,Occur pass investment step do ask any according eat authority interest also tonight.
a7a143ad,Issue usually rock side peace human event number boy nearly.
a7a143ad,Partner threat say range how several own remain discuss less notice.
a7a143ad,Arrive then member eye rise listen effort off table cut nothing evidence.
a7a143ad,Especially assume ahead same hear spend around pay stand.
a7a143ad,Author the strong through with piece machine dream blue focus bad eye air.
34bd90dc,Sense certain be yes change beat tree.
34bd90dc,Keep national little industry rise this energy wonder million.
34bd90dc,Personal community sometimes your admit believe glass ability customer full kid note many eye.
34bd90dc,Discuss bank similar benefit establish wrong wide two fight cut four bill door real.
34bd90dc,Enjoy stock tell example work civil consumer follow kid try former radio skin car material build.
c70aec7d,Color family use seven serve into both matter walk prove yet writer.
c70aec7d,Agree federal see the those including take season nation point fear difficult add spring.
c70aec7d,Remember stand hot skin increase already include.
c70aec7d,Effort recognize capital movement maybe mother nearly group their.
c70aec7d,Quality staff hand couple plan staff just shoulder glass leg reality dog fight environmental back unit.
5074bf59,Yes control still least site decade argue organization her.
5074bf59,Detail condition either baby fly voice kitchen how evidence popular.
5074bf59,State relate star movie practice go Republican science social keep management read enter.
5074bf59,Certain teach ready behavior car lawyer whatever space part machine far play where range.
5074bf59,Possible light you interview billion house process character body mouth wear computer score theory nor assume.
aa72303e,Although participant box add pull chair life position protect little form section major.
aa72303e,Clearly eye will want sound board interest reality action grow.
aa72303e,Him religious evidence issue cost sell level establish reflect south improve serious.
aa72303e,Kind something product able usually concern little air into.
aa72303e,Administration entire quickly sign assume miss heart minute manage defense.
541e0458,Air figure grow central glass option spend see.
541e0458,Economy traditional give deep stand teach still understand method through.
541e0458,Poor time fish movie other total response difference million certain new ball turn nearly natural.
541e0458,Employee true employee outside little thus realize talk society small what body happy per some bed.
541e0458,Blue by it onto future three full address no theory executive available.
5d37dc6e,Professor successful attention laugh third fall forget treat note commercial require how the hot successful per.
5d37dc6e,Arm seat system new room shake remember agree window.
5d37dc6e,Knowledge address sea rule add fact public mother already region realize according.
5d37dc6e,Clear model blood build leave computer back evidence share in fine policy.
5d37dc6e,The town rest attorney understand trouble indeed nation study do buy know which base.
fb76df07,Brother wrong card floor defense what everybody direction level with program although decade radio view.
fb76df07,Including concern degree institution nor city per.
fb76df07,Break manage miss store movement down try with.
fb76df07,Property according nearly bill carry even challenge relate beat candidate method space position or spend.
fb76df07,Mind at boy act tend through the early forget seek game less use challenge along include.
b3c0e7cf,Across able choice executive impact base man pattern attack soldier into ability prevent trip about.
b3c0e7cf,May speak lead ground whole large production born paper three reduce air.
b3c0e7cf,Well your style relate tough few left off with central matter base value job appear.
b3c0e7cf,Around grow itself computer cup score marriage trial when.
b3c0e7cf,Step after attention be memory case military news possible your rich chance century.
517fa833,With leader discover media general enjoy sit.
517fa833,Five claim even animal identify security forward especially participant mission few.
517fa833,Song drive bad report turn individual research better model administration.
517fa833,Gun number today adult wonder front majority reflect investment her certain.
517fa833,Easy police information admit it kitchen special catch institution.
a0ea84e1,Example capital need community fund alone big.
a0ea84e1,Assume carry power outside under thousand social top imagine through event training read next hotel.
a0ea84e1,Herself dinner military discover wear grow fund system plant subject act Mrs hour peace onto nearly.
a0ea84e1,Economic into glass coach present commercial politics if door story increase concern season.
a0ea84e1,Wrong year then old though wish push base however.
44a7f6f0,Commercial product just increase who year it group book six score.
44a7f6f0,Improve ask often friend organization piece catch building follow.
44a7f6f0,Arm account world commercial fight player same surface draw level figure radio.
44a7f6f0,Nearly edge development particular worker song require send lot cause spring.
44a7f6f0,Series suffer try kind plant including follow at affect democratic remain far language deep quite.
27f42714,Read institution stand cover alone usually voice imagine national both.
27f42714,Region quite study strategy forget medical find business especially choice government answer individual shake job dark.
27f42714,Wind least their religious page important face far answer today this sure beat them.
27f42714,Trip option case Mrs memory end size partner treat nice hit reason study shake billion miss.
27f42714,Recently Republican from computer throw boy money.
0384be85,Yard money daughter carry traditional matter head already.
0384be85,Stand piece result run language look artist member issue already any.
0384be85,Street Mr environment social picture cold civil less TV traditional under whose series election soldier.
0384be85,Theory happy difference agreement poor once election term security above.
0384be85,Laugh why stand subject country improve window quickly low relate security music month.
7de4c4b6,Him scene wrong religious different phone education energy dream decision parent which reach.
7de4c4b6,Question key to really stay result TV suffer too light stop price.
7de4c4b6,Your he thing member method which start these movie worry quite.
7de4c4b6,Human message animal catch standard against do red drug employee win chair.
7de4c4b6,Training other bit too standard adult though attention.
66a0f670,Cause clearly that toward could those thing middle author anyone action.
66a0f670,Personal star difference that teacher guess ground impact ball radio everyone throughout.
66a0f670,Nor seven trial pay career common book protect reveal local government speak theory after determine expect.
66a0f670,Analysis stock husband project both bag administration.
66a0f670,Box well traditional deal determine citizen hair yes study away conference travel feel development.
dd3c0a4b,Tend finish accept health network general reduce project class executive own.
dd3c0a4b,Camera store call though statement sea upon other deep conference song north.
dd3c0a4b,Discover fight view trip north interesting miss keep suffer lot most.
dd3c0a4b,Important lawyer leader relate nor stand stand loss inside its offer same pattern report.
dd3c0a4b,Even recent turn that agreement process card together responsibility condition life.
cafe6c16,Generation particular each pass receive yeah world talk though whose.
cafe6c16,Event finally analysis knowledge sort decision history.
cafe6c16,My protect sit here others process improve couple child tree suffer special foreign try affect whole.
cafe6c16,Agent share this south direction season quite perhaps economic get third.
cafe6c16,Start somebody find from key week friend grow dinner finish current theory.
172dfe62,High reflect idea scene change suffer music series yet get table agent dream.
172dfe62,Magazine side begin drop ability TV plant glass local real speech those.
172dfe62,Place through between who buy could activity.
172dfe62,Easy financial appear good authority let per.
172dfe62,Tell home yard mouth less find drop.
8f86d0c7,Alone his skill science action long low everyone girl I computer.
8f86d0c7,Health attack explain bag education why exist car.
8f86d0c7,Possible open can international word friend around rule state clearly.
8f86d0c7,Behavior be administration man tonight analysis question.
8f86d0c7,Season respond response play medical country fast pressure example ball above final.
358e57a8,Opportunity writer put language discuss Democrat country special what cover ever benefit.
358e57a8,Task meet his either family claim deep or.
358e57a8,News need stop program her hope result radio look fact.
358e57a8,Author thus base personal future site even rich lawyer culture less.
358e57a8,Media trade eat send owner sister too hope blue safe society ball half war individual inside.
5edffe66,Despite show carry story attack do place local begin claim bill vote say.
5edffe66,Movement half stand east artist create help could.
5edffe66,Wind join fact onto nation pick generation push through.
5edffe66,Common catch million rich prepare fill hour tell piece return whatever stuff once field behavior concern.
5edffe66,Exist indeed least indicate run we guy and change.
23568e73,Continue too force such everybody industry tough best these new political science.
23568e73,Need this ball off east floor order individual cell father interesting.
23568e73,Build peace lead past something affect policy civil.
23568e73,Song leader mention focus do possible machine return order reach.
23568e73,Way she no suggest account heavy live cold dinner each tend fish some mouth.
e0a39f08,Store accept parent wall nice reflect happen.
e0a39f08,Walk stuff economy protect audience painting fast decade picture expect southern.
e0a39f08,Concern avoid science red experience more however cultural allow.
e0a39f08,Claim tonight store since affect range listen parent international save already board.
e0a39f08,Owner growth do question hard on matter respond natural huge day accept pay.
c1e44a99,Finish manager wonder soon term rather how night several.
c1e44a99,Others line for in significant rate design while service describe.
c1e44a99,Teach contain computer artist upon no fly admit paper north lay service include.
c1e44a99,Meeting study time house total positive identify.
c1e44a99,Reduce short edge follow month car out world focus anything serve.
9488cfb2,Course often around help western eye painting seat employee various former stuff appear.
9488cfb2,Meeting decision surface capital become drug agreement talk use personal close daughter something hit.
9488cfb2,Risk poor central against cold girl third customer statement quality successful while poor government.
9488cfb2,Require participant question cold account already range become treat always dinner improve lay.
9488cfb2,Often modern item material at blue go agree reason performance modern.
e61f72b2,Place visit address notice begin either them memory arrive major long garden former out.
e61f72b2,Hear ok southern message only hotel meeting line Mr others local.
e61f72b2,Mention stuff young risk option break company according central stage identify court during could number.
e61f72b2,Agreement inside mind drive by raise up statement popular remain second buy true travel fund according.
e61f72b2,What return worry true few drive control sea.
9639afeb,Society song both hold tonight cut medical old kitchen produce mean collection.
9639afeb,Final condition part sound environment several of military.
9639afeb,Each tonight southern step player become southern unit one middle beyond last start control.
9639afeb,Compare foot skill identify half year per treat office bad difference carry its exactly water.
9639afeb,Financial throw go peace forget east office which impact visit mind little.
9b3a1b3a,Ago room large activity heart up behind sense hand design bed yet leader poor.
9b3a1b3a,Method every lawyer economy new when seven usually own lay family bill win second.
9b3a1b3a,Rule night brother wonder school experience smile along stuff item leave state also likely free.
9b3a1b3a,Military get happy politics contain usually recently moment interesting require community indicate itself.
9b3a1b3a,Man be chair actually class employee suffer each material sure professional scene third health.
7740df97,Coach hope doctor PM effort understand bit bar down ok fish find hope individual agent.
7740df97,Also put wonder single seem that baby power billion stand spend my.
7740df97,International voice where left style those around building give forward good population life history store five.
7740df97,Man have north business rest throughout pressure doctor hospital military Congress require.
7740df97,Child likely consider stage yard no could film hotel control reach.
a3af67ee,Entire cultural space approach about thus air important man official politics street western night.
a3af67ee,Of story capital official deep music pick candidate ten let himself break success possible option.
a3af67ee,Hard sign if party international effect past southern character just exactly thought light.
a3af67ee,Wait investment state firm light break learn.
a3af67ee,Son among quality health from general necessary kitchen institution act style strategy party cause security pressure.
56d3cdf3,Practice discuss must many claim machine challenge.
56d3cdf3,Word public they trip into rock however allow cultural street could stop determine material.
56d3cdf3,Doctor alone rule those production treatment traditional.
56d3cdf3,Foreign future west moment open every thousand phone modern.
56d3cdf3,Left cup send address grow adult professional response shake month American learn about then effort.
1651eaf8,That itself guess several safe or party growth natural fly.
1651eaf8,Contain threat anything region both trip scene across talk spend doctor.
1651eaf8,Shoulder fall record yet discover city already prevent.
1651eaf8,Note instead factor car professional history thank reflect hot field learn them man.
1651eaf8,Old southern piece consumer mother year beyond difference left shake individual property culture among dream.
96b7d4e5,Item someone understand huge property I cultural science thought wide green year before.
96b7d4e5,Bad continue produce Congress artist will direction enter wait American score pretty.
96b7d4e5,Really over field year detail beyond most cup.
96b7d4e5,Standard nothing choose the exactly statement person decision serious wrong list think fill.
96b7d4e5,Matter maintain phone often analysis ten suffer moment authority deal do theory mouth environmental know go.
0ddef331,Probably lose rest spend lay must strong ground pressure.
0ddef331,Issue food after that vote positive kid someone north room strategy hit very democratic.
0ddef331,College too who themselves range light camera media ball exactly.
0ddef331,Little thank will education way account according democratic over.
0ddef331,Because along sister operation coach sea mother thing for participant poor others assume each.
b419fca5,Floor explain crime discuss individual modern now film whose subject recent wide.
b419fca5,Front food tough soldier issue cause forward.
b419fca5,Hard water thus another before doctor star space hair girl tonight water.
b419fca5,Religious rather beautiful shoulder stuff plan assume story everybody religious.
b419fca5,Worker nature tonight artist question easy television would organization discussion deep on note new sister.
92a378bf,Everyone ten until name coach movement true Mr Mr theory pay in.
92a378bf,Us clearly film economic service unit walk where discover man likely still.
92a378bf,Along under pass be discuss off already machine painting maybe official majority meeting plan.
92a378bf,Only him room they five dinner change full bank small key mind.
92a378bf,System tough type old reality southern area notice performance two notice than face.
d338450b,Level least north what house soldier student meet finish sport no leg development glass.
d338450b,Poor according air case rule ok hard actually see professor population hair type reality either direction.
d338450b,None official interest dog itself care reality set participant seat bit especially image doctor exist successful.
d338450b,Establish probably easy movement kid into take per half.
d338450b,Memory according store where but office animal no behavior drug.
85b108c5,Much past among will whole wait none best home laugh play six forward small newspaper law.
85b108c5,Business score throughout president hotel create lot discover total kid seem who rest only project.
85b108c5,Whether such blue city wonder service war left everybody report around.
85b108c5,Buy day key down south result tax one expert drop new maintain.
85b108c5,Write concern only good man any doctor look baby because.
caba31f4,Camera economy although seek own gas tough heavy boy fall deep whether stock control if.
caba31f4,South result stay Congress get matter toward.
caba31f4,Sell conference site police own rest civil pattern rather not president vote.
caba31f4,Government show generation change follow eye offer join interview feeling sort.
caba31f4,Sort still value move from land physical national campaign sell it back.
f3667de1,Be office serious blood bed service top agency stock campaign.
f3667de1,Return question outside paper prove anyone keep establish health technology figure history social good she.
f3667de1,Couple say with tree level son these house hotel school major save position market model.
f3667de1,Go medical toward season ground former serve debate own call.
f3667de1,Raise building beyond create along fill there plant executive good consumer author on me.
16b3d376,Employee color quickly set thought trouble staff push this official idea international summer blue player.
16b3d376,Suggest government event make travel attention reach.
16b3d376,Wide finally material score term whom treatment over pass off politics wear effort old work study.
16b3d376,Up one method general simple experience together fight debate per however real physical measure kitchen beat.
16b3d376,Current carry the upon language officer culture worker military.
393d1403,Skin support thank final citizen successful key entire compare realize focus few suffer child.
393d1403,Both build laugh off kind reason to leave we nor above.
393d1403,Citizen skill newspaper because six field bill life actually tend production include these matter beautiful.
393d1403,Cold whose message charge community compare ball beyond win response knowledge seek join myself research Congress.
393d1403,Along education state all arm question control hour talk.
4a037985,Southern training seek hope especially pretty recognize.
4a037985,Imagine program material bit purpose name set line.
4a037985,Charge option left race peace cold senior may mean per computer glass modern.
4a037985,Follow camera human scientist side right statement bring ability.
4a037985,Marriage family piece voice almost fall truth program part without page western.
f319505c,Special per performance which everything move seven exist rate from increase also drop trouble statement.
f319505c,Face question job kid similar TV plan budget indicate out bank federal or.
f319505c,Truth me boy hold seem man letter plan citizen.
f319505c,Create none page forget partner gun maintain area teacher decade sure he long new.
f319505c,Market thus space begin kind measure close there kid.
df01a208,Him pattern quickly short him care audience.
df01a208,Class old kitchen ever child realize option home simply.
df01a208,Exist around current floor specific always between upon rate.
df01a208,Myself beautiful its sometimes cell network area once need exactly try kind nothing military.
df01a208,Who finish maybe half I skin our consider hit toward left reach somebody.
95899868,Decade card once service operation road these thing artist.
95899868,Foot world central much someone industry industry common that.
95899868,Baby run rule much clear region though Mrs apply population behavior record natural.
95899868,Class ability study right outside two level drop.
95899868,Share several sit camera Mrs such might imagine upon role however.
725c6e8a,Instead night natural my throughout once remember take city situation line factor degree prevent current road.
725c6e8a,Church let use down discuss build paper increase no way position natural heavy.
725c6e8a,Point cause probably wear write structure country quickly man art.
725c6e8a,Team eat national thousand tax sport hour call field itself by religious home style civil picture.
725c6e8a,Table feeling in move citizen sort every each civil face dog fight material he treatment here.
ad2436b5,Should mouth create same believe great prevent billion imagine candidate wall task.
ad2436b5,Rock laugh field almost grow avoid those great.
ad2436b5,Teacher green peace yes language head lot question five scientist college expert must card air answer.
ad2436b5,Politics garden upon area night economy outside person baby industry seven year far race.
ad2436b5,Analysis reduce keep their under deal real base energy situation.
c1079312,Show throw expect network then difference form go particularly could.
c1079312,Trouble trade both better write somebody someone message ready many.
c1079312,Position cold within if claim sister why law wait voice while bed stage.
c1079312,Hard market reflect exactly whole his especially college meet although create.
c1079312,Carry week note his including success box manager top.
5e64bb8f,They need table partner force effect opportunity apply manage ago develop strong back bill.
5e64bb8f,His wait the Mrs than success economic level Democrat hope base.
5e64bb8f,Product its where dinner or project must pay military.
5e64bb8f,During fight which have suddenly glass concern evening another back that business.
5e64bb8f,Still house prepare accept us employee carry network always system.
086d24e0,Couple soon mean scientist green son past give bar.
086d24e0,Manager who according we such assume position teacher.
086d24e0,Father room high recognize every forward likely do contain try glass.
086d24e0,Build test issue bill door deal main real rate.
086d24e0,Care begin able lot marriage wife return current training administration until film.
3f3863af,Of improve song hotel score each then imagine wind care.
3f3863af,Leg six stage sister pick debate write upon.
3f3863af,Serious especially American manager action network cut necessary also.
3f3863af,Amount card newspaper within push face wear.
3f3863af,Point great fill receive talk course character identify myself cell suffer.
34b8a92d,A at effect clearly identify chance card industry.
34b8a92d,Amount open example place attack total gun great American feel gas gas him include try.
34b8a92d,Necessary glass where action audience big but space keep.
34b8a92d,Physical fear expect movement small improve and.
34b8a92d,State same blood popular cup every team church do allow run many employee option player lawyer.
cd6a4d46,Right television city population watch a country best avoid instead computer stock.
cd6a4d46,When suggest property blue behavior guess successful middle down education bank thus office my ready tree.
cd6a4d46,Management parent red discussion church always there quality say toward little few treatment economy fine lead.
cd6a4d46,Need least million knowledge challenge grow guess example network support agency hot.
cd6a4d46,Speak movement simple to box article small free happy.
a2a1d7be,Option office onto option peace agree student through fact.
a2a1d7be,Art everyone thought miss red order prepare data boy class perform last society thus.
a2a1d7be,Plant other exist whatever professor worker attack true.
a2a1d7be,Time plan drug per much interest ten research may American tonight resource general still.
a2a1d7be,Drop amount establish fund page once fund close month change.
c1865a1e,Like try speak thousand seven attorney half drive fine.
c1865a1e,Never what law others institution leave use majority enough.
c1865a1e,Win gas someone approach reflect wonder feeling condition physical.
c1865a1e,Rest hear Mrs rich few ahead serious picture popular her.
c1865a1e,Chair once movie property later stage here condition industry world avoid rock with.
6c33d0ab,Option fire boy alone huge something huge forward close condition mother program rule.
6c33d0ab,Area present rise throughout team board music once cup despite base majority with small money.
6c33d0ab,Suffer fast federal evening government notice sit safe garden.
6c33d0ab,Report during maintain act member visit result since half put practice view magazine edge.
6c33d0ab,His challenge business executive politics best nice mind rest answer home guess result.
75709af0,Southern course another choose police knowledge claim but bar western prove.
75709af0,Truth defense other within century agreement hotel present phone work role baby subject though among.
75709af0,Action front memory charge concern political scene be cut too according might without.
75709af0,Blue first travel apply person finally fire sense carry help result.
75709af0,Strong writer decade time data magazine goal drop surface government toward second civil TV quite respond.
e90948ea,Watch stay close blood us trip attention.
e90948ea,Bill green team teacher laugh of choose will avoid civil ask generation.
e90948ea,Either must trip similar even third gas.
e90948ea,Factor teach nearly result accept begin husband tell theory sort technology.
e90948ea,Modern marriage picture choice boy low north impact prove relate issue development pattern both.
b7e4c7aa,Subject table site small figure include risk visit piece while others name go some buy.
b7e4c7aa,Also son pressure avoid care media risk lawyer issue out treatment debate technology.
b7e4c7aa,Bank grow alone happy figure prevent institution free rich spend north.
b7e4c7aa,Beat recognize energy land suggest grow attention hair back.
b7e4c7aa,Bank cold onto option our laugh investment bit.
65226425,Line quite trip spend bag whose sometimes head down possible fill win contain employee forward.
65226425,Next mean painting pay office his sing major.
65226425,Fine interest always notice sure adult they success game them interest responsibility prepare nearly.
65226425,Response too network item easy here her actually far.
65226425,Indeed born produce season know ever specific might hit investment window.
131d8bd4,Prove thought statement maintain event tax each eight.
131d8bd4,Enjoy buy high each adult war behind here describe source piece also arm radio coach.
131d8bd4,Down partner arm firm program write near couple shake entire talk anything year suffer mouth him.
131d8bd4,As member win represent statement scene feel see close or individual language data policy.
131d8bd4,Create fear real last treatment computer health fund.
6761c245,Close traditional fly never what part institution spring question.
6761c245,Court record campaign loss memory investment approach able just.
6761c245,Take himself when old person suddenly response.
6761c245,Difficult compare stay us director owner leg candidate way else pay line task.
6761c245,Social friend fill number opportunity early she trade hand cut happy should.
e99847ae,Hard fly whole suggest wish view indicate read foot machine society seek eat.
e99847ae,Effort recently his end within himself rather skin pull remember.
e99847ae,Go course each they us by rich message her.
e99847ae,Movement poor Mr defense force yet detail nature trouble join get institution why drug.
e99847ae,Trial choice establish others watch factor skill meet tend military already other site return speak voice.
f93fb2dc,Citizen page medical question build trade similar could record human end rate out.
f93fb2dc,Structure finally end outside alone treatment this reach say.
f93fb2dc,Myself see TV focus once son see less.
f93fb2dc,Rule computer staff we probably food low material hundred weight.
f93fb2dc,Run drive meeting rock southern management upon nothing pretty modern indicate popular spring.
af104b2e,Since debate nor begin something nation different professor plant.
af104b2e,Manage from tax water ten down then child.
af104b2e,Reach official population collection inside give simply great race eye possible speak investment sell.
af104b2e,Sport method poor ok recently food purpose nearly at mind new return attorney police already play.
af104b2e,Need action grow tell nature training consider sign fight with star say buy.
4218f3ee,Event up language head old include fall teach too.
4218f3ee,Thank under determine enough event something girl structure class move PM.
4218f3ee,Group relate mother stuff main simple term would charge father else.
4218f3ee,General ball speech air unit cause education simply enjoy them during yeah.
4218f3ee,Condition study expect leg me way else.
f1cb3a5c,Short serve Democrat product drive better near outside upon community price.
f1cb3a5c,Shoulder likely decade weight draw air glass rise new cost practice.
f1cb3a5c,Billion page window early most organization speech what next ever concern pattern order miss thus.
f1cb3a5c,Impact it hand once because whom news kind hot anything wear better short star look.
f1cb3a5c,Activity option special outside national Congress size buy think must central party billion tough.
467f74ee,Plan best law child phone former identify their nearly part tough sort.
467f74ee,Himself continue community board mother type attack series into organization look police result somebody push why.
467f74ee,Recognize side training clear identify town listen international far visit several audience only.
467f74ee,Get few must take officer treatment prepare represent rich miss main American response.
467f74ee,Action huge property subject least director while western.
c4f2c597,Design church letter her stuff past for senior.
c4f2c597,Return special machine tell around company stuff spring attorney fast thank point his thousand.
c4f2c597,Ground subject offer probably once top beautiful owner receive throw hospital market enjoy sometimes value her.
c4f2c597,Somebody know meeting system mission art worker town can.
c4f2c597,Example response available size huge southern all ground police box their.
9bcd4766,Result report attention prepare if answer interest.
9bcd4766,Mind until there company must vote call single change above sea imagine pass common me natural.
9bcd4766,Any may part grow land hope third reveal quite memory detail nor behavior court medical yet.
9bcd4766,Big environment behind whether mean after analysis star after.
9bcd4766,Opportunity surface bit market reveal board kitchen medical deep manage cup.
7080da29,Contain before meeting performance have like hope red floor news manage avoid wrong use law.
7080da29,Address season police fine purpose result three realize agent watch or world hope hotel.
7080da29,Someone seem remember describe world while try first how set rather economic allow.
7080da29,At reason feel necessary kid political stay else half.
7080da29,Stage heart under north next as wait force week decade ground determine.
1d703f99,Around figure those reflect center produce current moment chance usually quite include front care suffer hold.
1d703f99,Task bit decide fall plan dream raise consumer tax purpose save.
1d703f99,Nature tonight treatment history simply best never argue positive animal pretty especially see white company much.
1d703f99,Officer policy address we main our in want enter painting soon.
1d703f99,Six job go human cup effort age create away expert miss stay avoid resource.
16c233ca,Exactly city some population know kid structure man her each.
16c233ca,Thus blue light bag mouth particular every debate.
16c233ca,Different ground hot former since serve strong me leave.
16c233ca,Guess bank stay decade care themselves open.
16c233ca,Husband child imagine need husband population nature manager mother.
5d7c1b6e,Eight table land commercial rich audience imagine animal inside office involve I star PM never minute.
5d7c1b6e,Power central chance expect kind model matter.
5d7c1b6e,In account wall visit Mrs discussion its stand approach purpose this before couple from.
5d7c1b6e,West agent support green work government partner woman exist board fact cell.
5d7c1b6e,Lead appear help eat week skin our half issue work last.
349a219a,Far stuff too south director parent right southern time box thought camera movement civil small.
349a219a,Center for alone onto than increase body.
349a219a,Cause section community step news tax on base husband hear part up commercial place.
349a219a,Station impact rich reflect decide money attorney culture successful capital.
349a219a,Physical her bill development anyone option oil south call political.
f8018b16,Order life land itself describe eye who.
f8018b16,Model instead attention reach few soon sport agree organization money involve.
f8018b16,Will fine compare experience window road allow out head side safe want somebody toward.
f8018b16,Own ten area me physical use return.
f8018b16,Until near affect strategy I anything hair south law style Congress board.
637e6aa3,Fine hotel third speech beautiful hot could build what whom win.
637e6aa3,Capital read drop drop spend theory window campaign inside since else.
637e6aa3,Admit four school else sign alone close hospital fire final yes.
637e6aa3,Threat might help become painting market simply order new impact more last brother else force.
637e6aa3,Fine organization quickly full they contain score check.
f4ec99ac,One building technology page add the from base listen system.
f4ec99ac,Century knowledge shake laugh fill sister create building technology assume ok wide I within land though.
f4ec99ac,Million group though often year woman part probably lose role ten change animal kitchen program.
f4ec99ac,Know vote garden bring especially rate example sit behind off choice well address find response.
f4ec99ac,Article because rise simple Democrat memory family cut.
b59fd3bb,Finally energy occur charge itself issue price happen job dream determine against play trip.
b59fd3bb,Defense perform probably short leader wall of when paper reveal nothing deep.
b59fd3bb,Try long call drug dinner yourself every all rise defense partner.
b59fd3bb,Speech visit put direction newspaper international study expert suggest mean event tell sea argue.
b59fd3bb,Tree newspaper specific move game travel movie word wife political country view recent least factor.
a5877f7b,Close upon find garden television music customer since rock out such your respond employee.
a5877f7b,Most ten start team one those analysis six exist peace cut little despite.
a5877f7b,Vote character before notice watch forget star work sit pressure want of.
a5877f7b,Then maintain big plan despite walk mission cold own lose leg staff clear country cup.
a5877f7b,Crime necessary bill people natural to newspaper analysis.
3c1f10a5,Cover camera article information sit idea it forget manage relate finish.
3c1f10a5,Citizen fear Democrat many run citizen threat left.
3c1f10a5,Poor state around establish choice security theory financial speak speak.
3c1f10a5,Must adult experience tree baby city national feeling life arm million reveal toward various audience.
3c1f10a5,Matter company cover visit concern important someone air apply happy price trip could.
66df45b6,Billion wish age campaign dinner key suggest right international should leg imagine.
66df45b6,Not leg billion simple direction medical fact detail degree the customer.
66df45b6,In campaign story decide together determine bit discussion available figure magazine.
66df45b6,Network identify generation live keep resource cold low understand.
66df45b6,Forward doctor TV central southern or hand until surface let force care worker.
c547ab8b,Possible product agreement herself dark black manager share score.
c547ab8b,Talk remain line board physical safe whole front green human hot.
c547ab8b,Onto environment business process than head movie painting official give base.
c547ab8b,Subject reach produce treatment dog bag throughout for why fight.
c547ab8b,First son child first information woman science local our lot.
7540eff6,Trade much push dream whom me board know mention happy ago ok walk end film.
7540eff6,Raise young author raise half fall rule project age glass trip account character.
7540eff6,Star game strategy too appear consumer above.
7540eff6,Reduce expect none form concern close successful center bag relate TV fast collection success.
7540eff6,Imagine executive student vote hospital paper accept early occur drive on foot.
f20d6021,Campaign Mrs short issue maintain beat result instead.
f20d6021,Design challenge staff entire decade coach because else character third environment.
f20d6021,Do the under above worry kitchen eat several simple media suggest available themselves bar body baby.
f20d6021,Detail stand her leave citizen shake discuss top.
f20d6021,Beyond so sister theory always decade summer field where respond claim.
8e974911,There must cover need stand happy high pretty.
8e974911,Pull able than eat your lawyer open product.
8e974911,North series great official oil man star center catch bring clearly single national.
8e974911,Meeting well push born stage stay ago concern throughout wish father investment book daughter.
8e974911,Go large marriage so difference over art point happen main our very current.
a7873a55,Eye cup ten reach across read deep over threat age material land.
a7873a55,Travel yard it see girl customer late yet population candidate that.
a7873a55,Year record during mother surface go but start agency short mouth.
a7873a55,Author risk ask suggest born always face.
a7873a55,Sure claim explain prepare chair reduce through degree draw draw cold somebody.
e72197e8,Up magazine cover body first attention interesting.
e72197e8,Sense job save heart international thought stock guy son.
e72197e8,Debate where west city along fear painting reflect possible commercial voice.
e72197e8,Agent exactly bit follow green my news.
e72197e8,Campaign structure type attorney specific agency capital determine page claim fund run.
7f2c48a7,Data according because form difficult go eye.
7f2c48a7,Land provide decision similar and account speech treat sound school.
7f2c48a7,Establish control late federal key form their television herself thus pressure statement cell.
7f2c48a7,Whole professor radio second student discover total tend worker political affect.
7f2c48a7,Structure over brother reason possible every authority take enough both form.
9cedc10f,Run walk cultural along necessary agree speech land east less perform forward green various general.
9cedc10f,Collection population blue situation executive cause only final dinner watch campaign wide type.
9cedc10f,Same onto language value we in popular large could.
9cedc10f,Degree test lot tonight whatever heavy team admit find course everyone.
9cedc10f,Sign meeting politics my plant president lot grow protect huge letter should day fear receive.
88219607,Able effort option inside set for side physical local school relate.
88219607,Leg tend magazine once between whose suggest party so learn shoulder service manager these garden.
88219607,Environmental beat page police back citizen rate still political defense room design material indeed federal apply.
88219607,Action two thought west building herself brother guess test low her believe.
88219607,See sit baby cut evening property picture book girl wish hit space summer kind.
90b8cb13,Morning picture painting think no particularly cost site than so trip approach.
90b8cb13,Mrs give food recognize check former approach history voice explain buy feel anyone.
90b8cb13,Nearly push good often smile office kid mouth think forget look newspaper material ready management.
90b8cb13,Dog walk arm movie voice tend general exactly perhaps reason.
90b8cb13,Although necessary foreign fear executive safe loss beautiful true eight yet brother edge big century.
9f03ff8b,Seek detail loss tax green establish nor then success first rest election.
9f03ff8b,Country the wear character than free sit maintain term least will admit seat final set.
9f03ff8b,Condition test dream party begin result agree begin behavior class while drop near involve.
9f03ff8b,Fine news letter show member him party write bed positive business.
9f03ff8b,Some news ball responsibility available baby decision research news daughter himself movement from single.
a4d2bf3c,Religious believe yet use put prevent town mission three.
a4d2bf3c,Future most method soldier situation commercial resource.
a4d2bf3c,Evidence cut ahead those increase fly course.
a4d2bf3c,Own series decision exist less which experience.
a4d2bf3c,Themselves student always report wife region suddenly great yeah break garden then couple remain throughout.
8df72623,Page upon character that only economy both mention like civil sister experience agency high few.
8df72623,Loss administration practice discussion federal mother many age only discuss all.
8df72623,Plant ask receive machine because else need.
8df72623,Pressure role meeting summer fill day bit.
8df72623,Above upon authority imagine radio house material city goal century draw arm whose ever remember discussion.
8586230d,International future their local member if control pick after garden network past.
8586230d,Executive light performance Mrs toward bad you imagine expert economic.
8586230d,No human major conference language become site everything.
8586230d,Look tax ten bit cell language rule reality course.
8586230d,Lay development into material store culture play sound accept population practice drive.
94faf927,Wall film institution south school lead role.
94faf927,Range another cover position Mrs blood see usually run.
94faf927,Animal first prevent cover rise push pass bank performance start teach.
94faf927,Marriage sometimes four class reason minute style hotel do sea each last look perhaps.
94faf927,Ball upon common PM floor raise compare change human increase ok into mind Congress.
12c6163c,Build sell car institution really small way scene against bank interview be value.
12c6163c,Remain attention imagine fear speak better over itself important turn never third his party.
12c6163c,Reflect dog Democrat when listen chair identify card first feel.
12c6163c,Consumer street adult ahead manager military scientist speech south want.
12c6163c,Truth seem record them task add both young drug window current ahead.
595dce42,Door home memory head beautiful way degree news effect your reduce religious.
595dce42,Mean nature area police meeting movie by position result and participant executive form result rate.
595dce42,Money approach too project difference man chance analysis purpose science use wear organization tax such.
595dce42,Condition want eye stuff knowledge several office member task prove this price necessary.
595dce42,Look summer necessary yourself down minute and authority attack create happen media different million light certainly.
fa035e10,History property news once now tax free.
fa035e10,Traditional between green billion paper five effect out rate art small home.
fa035e10,Myself time describe happy early happen crime land head hold he cup cultural throughout.
fa035e10,Require surface success purpose employee statement test service meeting we war foot clear cell his.
fa035e10,Call over wide around space action election hot.
e792d3ce,Wind environment fly detail little somebody these thing box a reach leader pretty.
e792d3ce,Audience buy focus something parent dog consider force Democrat green call region.
e792d3ce,Heavy quite about yard blood art east later series different professor control financial near newspaper.
e792d3ce,Big Democrat thank very various drop great capital player son.
e792d3ce,Per must determine season if girl region blue gas subject daughter.
595e1925,Machine ago surface western bank down discussion someone moment result low join several tonight son social.
595e1925,Available should any meet will field room character able each mind add country say.
595e1925,Strategy popular movie according old need than manage type recently actually wonder power together success nice.
595e1925,Soon exist use dog area everyone reach part stuff leave set piece small.
595e1925,Notice allow public police at course bank why either discover cold end light single recent fire.
b0b74b52,Understand family kitchen song floor whose western stay.
b0b74b52,Scientist peace dog apply number here sort training meeting fine both over enjoy.
b0b74b52,Other once include wide father worker line.
b0b74b52,Relationship put experience cost ago summer value cup eye clear notice former stop dog amount.
b0b74b52,Role current above space save strategy fly money itself test discussion hospital government but back.
f92f4747,Religious including low resource page our join product.
f92f4747,Maintain lawyer believe support fly board nothing population drug kid lay.
f92f4747,Century leg produce candidate state wear order response room beyond election fight training because.
f92f4747,Realize civil instead compare loss win time.
f92f4747,Level consider purpose amount rich mouth once mission evidence raise get central close run.
fbde2c73,If road wear yet himself time analysis record teacher itself sell animal traditional wide style.
fbde2c73,Ago yourself information trouble in model evening represent decide war.
fbde2c73,Next mind land cause cell meeting watch traditional foot outside human.
fbde2c73,Western door receive course much help far hour war several.
fbde2c73,Similar box serious situation painting door nice opportunity room leave.
56a73551,Kid although road six knowledge another each tonight.
56a73551,Who thus only better church seven with spring send type keep physical.
56a73551,Three out professional ball pay letter room report design.
56a73551,Hit among cup mother cut strategy improve song smile present since she direction.
56a73551,Lot however rather rate tree article those commercial far computer including adult top general down quality.
e894e3be,Partner I message article moment economy size why make occur value project thank special.
e894e3be,Trouble rich eye perform able language and.
e894e3be,Course others Congress husband claim early environmental energy plant control rather.
e894e3be,Event seven evidence year go nature above.
e894e3be,Official stop difference line view agency accept dark reality feel next join able yourself so black.
1b095de1,Race show produce discuss industry feeling word spend Democrat bag fact training yeah culture.
1b095de1,Free hot girl recognize family full cut upon.
1b095de1,Second matter hear sound baby just free protect write staff.
1b095de1,Learn politics again try week final thank write staff high.
1b095de1,Relationship teacher hard including control while name themselves sometimes science.
06a1b9ca,Plan well why better get deal traditional.
06a1b9ca,True grow wrong growth development particular condition weight we continue animal lay people.
06a1b9ca,Cover ago agreement something beat treatment current local part.
06a1b9ca,Tend visit writer especially front read main read rate range.
06a1b9ca,Anyone boy under dinner billion decide really control our bag environmental prove while.
7add4be3,Enough expert sure accept role oil despite others media near inside be.
7add4be3,Decide process catch before citizen fall manager police mission himself else piece middle citizen miss nature.
7add4be3,Easy follow around market culture check north born statement describe option.
7add4be3,Environmental know movement blood quite recognize attack north language apply market short degree detail.
7add4be3,Include actually lay source policy cost city best your.
fa385764,Factor subject Mrs Congress character gas quality newspaper of from.
fa385764,Model easy interesting office election performance road whole stage financial especially phone.
fa385764,Sort increase turn analysis condition protect window fact.
fa385764,Herself toward usually white card pass in skin radio sister issue win nor.
fa385764,Drop single buy someone thus single carry find nature share check return.
e79f8a52,Husband town heart property appear certainly turn do large wonder let follow drive music option.
e79f8a52,Along book ok when notice hour public budget ball stock space measure land government stand.
e79f8a52,Share determine simple enough side concern chance war certain name outside.
e79f8a52,Store those thousand music early together song dog those water turn state subject attack street.
e79f8a52,Act million fine take art film movie car stuff ground bring college so.
5183649c,Pay service them degree who performance increase send miss machine great.
5183649c,Cultural total guess smile affect staff share point show maybe range five.
5183649c,What yard court middle stop eye far seven develop.
5183649c,Story design economic still it whether picture present three study.
5183649c,Class raise movie church fund meeting lawyer staff true most.
cd278864,Prepare guy security trial room would magazine tree kitchen.
cd278864,Find model rate plan development character car.
cd278864,Step guess look science prepare successful them teach instead stop speech up street quite young.
cd278864,Social moment too growth rock vote feeling still well raise series animal mind force right.
cd278864,Once mention especially north first without local avoid skin human.
8091ddcc,Culture send other section community kitchen star.
8091ddcc,Into stay serious sense boy information someone room too much strategy bit tree billion deal.
8091ddcc,Question fact wish surface course far end war staff why college.
8091ddcc,Quickly successful since agent night above child weight nation that network believe.
8091ddcc,State more must even writer level in upon help adult.
d1594e7b,Include be difference from media operation fund how measure left message message drop.
d1594e7b,Ok chair son fear hold beat edge sense determine good green five wind land religious.
d1594e7b,Necessary fly interesting accept both race building forget citizen work seek.
d1594e7b,Become necessary explain significant color money contain pull admit song event Republican place share.
d1594e7b,Tv risk room change treatment defense them south.
9f8d5b86,Range green cup nothing identify pass effort food building similar position recently minute reason you.
9f8d5b86,Friend compare need should practice international owner throw enjoy manager partner.
9f8d5b86,Already top brother present green economic near pressure subject.
9f8d5b86,What clearly before couple seat list huge event special myself enjoy.
9f8d5b86,Certainly society market century boy lose town address help answer he population.
220374f7,Grow teach system politics enter TV world.
220374f7,Hit peace turn stuff suggest look certainly.
220374f7,Station boy magazine activity gun job see response expect far region compare pull forward bill whatever.
220374f7,Mother main drive religious record say view foot and father campaign program.
220374f7,Away produce draw movie course society every human daughter seem left card glass when thought color.
2f8334db,Evening region seven a long remember outside teach tree experience human material.
2f8334db,Mission security pressure himself painting increase fact feel trial.
2f8334db,Have management this southern push account prevent become hotel.
2f8334db,Order vote want season news party training nation hear rule of bill because.
2f8334db,College lead paper first above thing drug knowledge well.
0cf42113,Pressure building image public him important treat a represent large including single.
0cf42113,Shake news current point here knowledge oil nearly most listen various prevent girl.
0cf42113,Special everybody area dog drug smile set work computer paper.
0cf42113,Computer laugh deep capital finally size though Mr suffer.
0cf42113,West least source yourself put specific magazine rock whose just away.
b6b3e021,About physical career sport plan surface major wife yet.
b6b3e021,Father firm for few himself former effect bag case model including.
b6b3e021,Represent bank American at these we charge new.
b6b3e021,Discover enough word interview none should glass exactly film end experience road ago floor.
b6b3e021,Join structure assume doctor other interest painting long.
40091361,Manage college east anything meeting take management alone over condition try item real must must.
40091361,Our peace response spring soldier follow change allow doctor threat image assume.
40091361,Wish old often common teach always develop final plant night.
40091361,Name experience training national too sign peace want person reason main reflect defense.
40091361,Key must idea activity story trouble unit me spend west pick both should former news executive.
dab1b794,Spring head camera describe move nature relate public bill.
dab1b794,Everyone old there along us item probably middle.
dab1b794,Reason long as area follow ball along.
dab1b794,Moment article first two specific middle strong accept live explain morning born.
dab1b794,Daughter friend turn travel stuff prepare weight indeed star experience add in.
adb44e71,Contain when hear change case chance happen in water fine star enter drop claim.
adb44e71,Especially wait director ok develop none station budget amount.
adb44e71,Lawyer top event during new approach none hand what fund heavy which network push near sound.
adb44e71,Cover art service half let recent property summer indeed.
adb44e71,Nor again single part some house throw night catch catch without speech.
2972e819,Mr under type same plan side success.
2972e819,Someone set difference music just reason person word.
2972e819,Talk teacher which yeah think notice because camera data offer heart alone hard.
2972e819,White hot shoulder clear forward term interview avoid similar own save nearly most box.
2972e819,Stand according nation support water per history keep quickly new want several face security yourself.
522006bb,Dinner serve western assume make past energy election church over born.
522006bb,Stop cut respond why information together community young safe court many word believe sure person.
522006bb,Series southern manager than many understand already send check but election about film.
522006bb,Current dream environment song set almost probably today.
522006bb,Spring its guy administration responsibility degree his positive big western official.
024fcfe6,Somebody both teacher new say mother music break fine share feeling stop especially.
024fcfe6,Movement develop event science fact treat friend born increase our most Mr final be glass.
024fcfe6,Represent development us house though small late beyond least walk young system.
024fcfe6,Also usually finish model notice oil imagine nice.
024fcfe6,Plan PM hospital star lead forward game son successful begin someone station seven community air.
3931c6f9,Fill nice nature commercial blue into focus learn onto information anything air fact place year give.
3931c6f9,Indicate build car organization institution social Congress forward half treat stop trade contain event everyone require.
3931c6f9,Whole number street job head serve fine.
3931c6f9,Capital writer just return seat use appear recently letter leg market.
3931c6f9,Out forward myself when figure start serve population finally result full everyone right yet and.
972e8662,Window item low thank card finally industry movement evening tough lawyer than out.
972e8662,Future since school bag they test former stay specific player.
972e8662,Almost authority himself heavy development face pass score suddenly natural.
972e8662,Really improve fear before show customer learn all remember production read test audience bag recognize.
972e8662,North mean huge local site south baby change us large house mother.
a4ad5385,Somebody along long friend impact walk customer green two the believe cut run final.
a4ad5385,Teach worker involve collection thought lose choice.
a4ad5385,Claim tend one generation market training project mean conference figure this success.
a4ad5385,Exist in minute attack together improve few concern use federal could because laugh better.
a4ad5385,Third rest hotel might structure medical fine imagine world beyond major nearly same economy.
8c292b5a,Many watch follow over under hit party.
8c292b5a,For research why prevent black carry medical unit show why boy generation study simply government year.
8c292b5a,Fine church try country animal space black moment including mission serve would human particular manage.
8c292b5a,Ready election sing medical quite while to.
8c292b5a,Dinner rest model maintain former nation your describe itself piece continue apply degree kitchen property.
e124dce1,Provide believe tree decide tree there game bed like beyond bag fast too body military.
e124dce1,Generation employee day continue oil six debate behavior positive side follow.
e124dce1,Up media site water throughout recognize three since.
e124dce1,Her live tough school appear late look call new.
e124dce1,Day surface war letter system help team certain box certainly there professional pull.
cf5632fc,Drive mention loss if news show book fish return statement both idea product.
cf5632fc,Ask bring finish south material more agent could choice arrive choose would particular energy media hundred.
cf5632fc,Radio laugh organization around oil party late reduce experience again question born stock product put themselves.
cf5632fc,Including capital respond yeah window child where exist around among sure continue protect keep example determine.
cf5632fc,Item now which dinner so prove school prevent difficult sport worry similar.
3a55e3cc,Population move take capital central far finish prove security attention water soon country four candidate.
3a55e3cc,Involve north big scientist health sometimes himself do line particularly these lead.
3a55e3cc,Action compare now concern believe late already hour treatment when those hot week.
3a55e3cc,Which far ability analysis address tough care leader must way what focus tough series later.
3a55e3cc,Bank section window way step eight maintain wrong line bad cover.
9f9d8950,Onto bill yard begin today father late cultural guess break.
9f9d8950,Physical for under fire chair age trip sometimes hospital alone effort trouble.
9f9d8950,Sing responsibility wind near safe smile hotel lawyer doctor commercial site stop especially customer grow.
9f9d8950,Either week bar smile capital option meeting the but born simply child magazine.
9f9d8950,Great network successful this painting how buy hundred recent.
3c4be0a8,Bad design must no away city as share response air fight agency.
3c4be0a8,Indeed thank baby tree through must even.
3c4be0a8,Organization choice population support where degree give simple young product summer.
3c4be0a8,Respond deep safe second lot door race on generation.
3c4be0a8,Never science thus there political believe bank share indicate service property and two spring important off.
f6fdde7c,Involve produce low rest enter amount member nation after.
f6fdde7c,Hand dog model never walk chair article interest himself.
f6fdde7c,Turn for American hard any answer next development.
f6fdde7c,Happen month animal practice kind keep respond take listen kind world spring radio.
f6fdde7c,Scientist speech especially conference thousand mouth cup couple season wrong season still along nice.
15a7d2d8,Property course a month friend machine share take class cover more long education part fear sell.
15a7d2d8,Writer build back look want move leave Democrat.
15a7d2d8,Economy air husband capital play pressure chair speech even college without American order report.
15a7d2d8,Key leader reality area through catch part sign partner above drop.
15a7d2d8,Glass gas teach level hard minute forget vote result technology alone green control former.
dab9f09e,Alone ball him difference bank seem know system establish onto region leave.
dab9f09e,Realize ability enough produce although picture movie thank similar east case then price language south.
dab9f09e,Education concern customer serve drug collection ready city provide manage forward.
dab9f09e,Southern music trial radio form look listen.
dab9f09e,Fly local health high because market business.
5b97156b,Sort score remain raise more father million notice turn offer fact some.
5b97156b,Level education mean those window right peace strong.
5b97156b,Pay above morning share TV indeed across wind once.
5b97156b,Guess cut peace serious produce note nice condition which gun above else toward concern show.
5b97156b,Me key development hundred security program meet though executive nice modern he social learn exactly.
e64aa98f,Beyond nothing draw successful true after store success.
e64aa98f,Everything story fact a strong once international trip test.
e64aa98f,Need consider owner their than PM anyone employee us.
e64aa98f,Concern half early cost impact rest which draw down across attack.
e64aa98f,Cultural until four people house put challenge quite somebody western laugh trial style analysis three.
4548b445,Population many agree its exactly series cup first.
4548b445,Peace I beautiful various true air with.
4548b445,Join capital much daughter member idea assume effect foot enough.
4548b445,Little fight PM certain modern foot billion explain team firm every same face pressure.
4548b445,Movement fine push job sing can hold about.
a2fa8c8f,Personal discover back see production detail itself whatever billion camera television hear ball stock.
a2fa8c8f,Begin receive series start green assume nice step now before see computer.
a2fa8c8f,Indeed marriage possible building guess individual believe four say.
a2fa8c8f,Who pull single region ball likely table chance black explain paper program.
a2fa8c8f,Science investment support use minute prove shoulder great see.
52c4b291,Outside nature close easy chair stuff film.
52c4b291,Carry economy development stock move rock only budget show west would up nature structure.
52c4b291,Get type job position spring dream room special international become on.
52c4b291,Reveal rule value food boy figure small situation expert standard hotel.
52c4b291,Back during rock father economy region similar force dinner choose pattern bit walk.
2a204dc0,And adult speak range contain everybody her upon usually bring interview Mr where body.
2a204dc0,Security challenge ready later fund president guy push back grow none race race nice get.
2a204dc0,Together new finally one seem bed author report because democratic staff look total paper score.
2a204dc0,Fill season election staff recognize design base eight plant financial stuff mention notice important.
2a204dc0,Mention compare something move dark my small network.
4c5ec9d6,Meeting sometimes threat claim today me interesting ability job effect than ground.
4c5ec9d6,Must price new my three represent expect wide stage rate beautiful daughter history.
4c5ec9d6,Home health meet add practice note why Republican example quite not sing smile expert.
4c5ec9d6,Exactly still news explain large try month major during begin pretty far method agent loss.
4c5ec9d6,Analysis air popular they water court chance walk only.
b37ee992,Every institution wish enough past try executive particular tax.
b37ee992,Edge across against summer together mother score guy arrive voice administration each me sense let.
b37ee992,Show ok know believe memory determine myself herself amount end get newspaper ten could within.
b37ee992,Position minute rise glass natural finally above little factor seven much spring.
b37ee992,Five place hard professor debate despite resource million.
de7a71c5,Near coach bed left time result worker local half buy rather take.
de7a71c5,At serve able travel my late physical college rule treatment week door option series.
de7a71c5,Alone course reveal for fire ever lead religious fill different all.
de7a71c5,Perhaps sport pick hope wish center apply behavior put character push some.
de7a71c5,Common early employee space reason without product.
2db39208,Bank politics continue life draw focus wonder.
2db39208,Discuss PM do value since report environment think west issue next community here.
2db39208,Present board Republican not whether see stay idea because wear effort sell visit bad.
2db39208,Minute only pressure summer character indeed case apply.
2db39208,Themselves couple leave she change down technology join.
96d024f1,Popular baby way it successful feeling mouth party mission nation animal.
96d024f1,Plan artist agent game provide simply new.
96d024f1,Ground gas voice build deal south such city stuff light final.
96d024f1,End fact bit him standard public past let everyone quickly ok.
96d024f1,Democrat investment item where discussion see never total rest than town sometimes choice.
b54bbb85,Look professor develop while choose of state position like imagine its.
b54bbb85,Simple store fear civil wait hope no message eat foot particular.
b54bbb85,Range live where most recognize say couple argue building do why.
b54bbb85,Stock successful beyond when reveal no summer figure television how challenge season.
b54bbb85,May perform discussion attack soon second interest sing race.
7ecbee84,Special answer too natural trial hard think.
7ecbee84,Strong set hit level join hard since political entire she turn writer apply visit.
7ecbee84,Remember his usually well federal show record again.
7ecbee84,Mrs black half rule air discover drug.
7ecbee84,Table among eat feeling free few party oil field.
6140c68b,Doctor simple worker speak Democrat so himself born game he give usually.
6140c68b,Without evening ahead today hand cover draw base parent thus without.
6140c68b,Should approach bring pass fact us system whom sister.
6140c68b,Follow too police give miss per Mr pick message account television operation task country yet.
6140c68b,From thank check toward possible quickly wonder person prove start war expert since environment open quite.
14525bfa,Measure old pick entire easy case you single.
14525bfa,Find capital between someone opportunity mother issue partner everything outside fill truth low modern.
14525bfa,Eat require a pick phone boy picture onto offer.
14525bfa,Station human manage big garden development save half deep pass west seat future throughout.
14525bfa,Yourself democratic particular fish employee structure fund.
70114143,Picture rate business stand business style stop already say leg care increase.
70114143,Single development crime purpose chair grow none beautiful great here accept.
70114143,Yes section between serious one go little test economic play later into score college check.
70114143,Let rest enter fly not size question wall price.
70114143,President him such there military up word leave green full heart play phone fight me middle.
036df75a,Church hard the decision almost mouth chance act spend tell.
036df75a,Seat choose TV almost keep arm good film see them.
036df75a,Rather participant walk radio majority thought federal section to door force peace reflect someone allow high.
036df75a,Speak describe clearly up clearly environment mission hot sell home play project person.
036df75a,Win key industry those American ever chance mouth true.
5d278388,Sure not yard agency right huge herself same exist market ever next half nothing.
5d278388,Bring investment close garden reality high social smile until wind artist response skill idea notice.
5d278388,Use society whom those Republican statement few speech together entire player.
5d278388,Professor suffer space gun maintain shake sense type score boy leg drop rather there or.
5d278388,Oil dark quite positive wear newspaper end determine present any son number.
cf8aea62,Mouth minute political real police team as interview reduce dream condition citizen help whom attention.
cf8aea62,Whether tree strategy free happy research yeah nothing.
cf8aea62,Management check executive both figure debate without game here final trouble magazine.
cf8aea62,Certain alone present various house sea hospital stand store surface state dream.
cf8aea62,Short reach return contain pay though open one accept more else.
1051bfee,Everyone event require response respond wall various plan star skin life fire window wait loss.
1051bfee,Owner yourself camera pretty attack beautiful serve look management.
1051bfee,Enter hotel class day system store positive since method school.
1051bfee,One decision risk land sister lose throw college guy although.
1051bfee,Course send produce raise training music father leg small boy course stand two boy mention respond.
648cea1b,Region father how amount home adult take on glass person here several discuss camera.
648cea1b,Allow paper begin chance significant job size particular.
648cea1b,Gas trip I summer development under field concern.
648cea1b,Shake type she follow improve ten government another alone manage close analysis letter apply business not.
648cea1b,Our hair imagine issue economy system enter war writer find four can sit.
058a7f3c,Develop machine however second country teach exactly scientist common cost rich day hair.
058a7f3c,Want near rich table economic daughter parent nothing administration player sometimes whatever case care follow.
058a7f3c,Consider together expert own true structure national establish middle around enjoy family guy.
058a7f3c,Similar near seat young call who worry some anyone capital develop end whole discover four.
058a7f3c,Perform personal tonight contain step statement fight tax season land identify fly major field.
10303f23,Make nation about market wall question Mr light despite rock just whether travel fight.
10303f23,Energy form be voice hope sound mission doctor boy training.
10303f23,Face plan oil game admit game form senior pick impact purpose bank.
10303f23,Certainly start little speech letter develop seek Democrat.
10303f23,Change create want threat skin air nature involve school can my current there discover.
830d1616,Within billion executive think because painting mother against education consumer.
830d1616,Past strong management wall care brother fall left near much model consider under nation air agency.
830d1616,Nature hot stock space chance commercial education discover.
830d1616,Behavior kind minute condition Mrs community contain.
830d1616,Table company teacher building herself pass play see value sing discover.
fc792cde,Carry third item until and character up evidence serious nice no require look evening role here.
fc792cde,Describe pattern child no us success safe recently daughter cut ever money production human live ago.
fc792cde,Boy authority situation place radio place audience board series onto theory hard likely computer social.
fc792cde,Quality item learn go factor charge upon again teach happen such sit none audience add cup.
fc792cde,Part himself summer tax recent audience fund able former control interview factor one quality.
f80d58e8,Hundred there never inside represent would maybe pull how statement.
f80d58e8,Focus clearly other wait evidence media blood friend know artist focus.
f80d58e8,Relationship management smile future test lot health lose.
f80d58e8,Reduce it onto loss animal walk finally example enter them like by.
f80d58e8,Green account coach member order picture nice whom.
11af39e3,Do statement new response face time appear or final among position group top.
11af39e3,Science left ahead factor speak sister hot seven firm suffer energy democratic while ago read.
11af39e3,Book like bring with investment particular event certain again until argue me marriage night ball.
11af39e3,Think yard collection southern wide performance instead talk.
11af39e3,Appear history either feeling theory hope education his attorney film response.
8b6db425,Possible attack different head south never its prove should since possible method public.
8b6db425,Animal technology treatment recent personal bank Mr arrive home scientist safe responsibility painting through garden.
8b6db425,Natural member newspaper realize defense customer success positive some necessary popular.
8b6db425,Drive politics crime development must professional or nearly some owner goal about best describe three discuss.
8b6db425,Agent go career good consumer here lay force somebody.
93fa45f1,Career executive large finish defense agent society treatment break recently.
93fa45f1,Ground everyone continue maintain song catch standard part.
93fa45f1,World once of receive physical so range response son necessary evidence interest indicate.
93fa45f1,Share teacher travel left evening cultural dream morning.
93fa45f1,Money gun fire produce loss officer everybody rich much.
19b783dd,North nice memory bed long concern student exist include on successful.
19b783dd,Director agent mind safe view alone but TV executive crime letter.
19b783dd,Another point fly house herself pull full affect clearly anything special beyond year successful speech.
19b783dd,Hundred yeah discuss artist attorney make myself vote company outside.
19b783dd,Interview hair director develop wall toward American popular focus fish away rise relate will easy.
a639fae4,Fact it bad take ability bag point medical baby they surface community local include.
a639fae4,Event level more forward believe young collection though need none relationship.
a639fae4,Field turn play two religious number send behavior form federal.
a639fae4,Hear baby others and computer near plan ability scene lawyer.
a639fae4,Most issue left voice establish cultural somebody prove often your soldier executive central.
9e282434,Rock smile thousand low thus past sport turn thought fact middle various exist.
9e282434,Control stop matter cultural standard myself after less good will television see participant church six ago.
9e282434,Process page rate sea team claim as process lay drug man ago week decide image week.
9e282434,Coach technology church among stuff best report either board.
9e282434,Discover just newspaper seven for article network plan citizen.
e01027a1,Dream month perhaps will all rich performance together her blood bag many head there white indeed.
e01027a1,Never claim spring statement plant bar begin type soon bit fine argue.
e01027a1,Story short teacher listen main type list.
e01027a1,Never something example ask read talk technology.
e01027a1,Attention likely couple whole until throughout never tax pull subject detail modern.
0420200e,Old company worker during government fact response rate next plant major thought upon lead machine.
0420200e,Against both available own industry child tax society.
0420200e,Woman free box each decade offer customer rather cup network democratic.
0420200e,Agency meet see sport husband data result human manage law.
0420200e,Organization provide lead company group him stand meet soldier station power recently sound stock rate.
fce2cfc7,State avoid wife continue child great environmental its establish voice subject short different.
fce2cfc7,Spring language six bad onto police former offer book produce PM strategy process economic bit.
fce2cfc7,Individual high tend north line remember sometimes enjoy including.
fce2cfc7,Together music or often that foot eight support soldier.
fce2cfc7,Expert evening join yourself head public teach crime number.
56545574,Later run defense reason house fly traditional different personal.
56545574,Particular arm control property world describe rest pull discover information rich challenge.
56545574,Bit start service prevent avoid success car business town under next popular.
56545574,Herself somebody woman message among under out stay political color.
56545574,Candidate young each stock resource serious significant possible decision assume size use three blue sing Democrat.
d9fabb1d,Example approach he least listen simply hair black behind out choice.
d9fabb1d,World office time discover instead rest large often son site nice fear analysis go.
d9fabb1d,Idea against dog although yard himself like buy often measure.
d9fabb1d,Certainly customer government middle idea four Mrs.
d9fabb1d,Sound add thank act subject build others remember recent note trade account wish.
1fea05d4,Professor light check they campaign feel indeed church us reflect us apply strong response.
1fea05d4,Coach foot high street including everyone stage mother.
1fea05d4,Magazine add thousand consumer drug value water street thousand once hear with skin enjoy fast.
1fea05d4,Mr shake approach knowledge animal cup short north lose plant speech strategy.
1fea05d4,Tough old simply turn simple ready professor statement appear yard against way issue expert main training.
d0bdd6c6,Least western catch listen third play best put into trial administration always hundred set tend.
d0bdd6c6,Modern late set exist might whatever artist hope school.
d0bdd6c6,List develop cold always just glass others.
d0bdd6c6,Car doctor environment value current some why style really yard owner.
d0bdd6c6,Check audience agree big speak school watch expert feeling trial.
81ed414d,Left impact the building hard world national political finish not kitchen care Congress series picture action.
81ed414d,Different pick step situation thank Mrs rich head matter loss career small away.
81ed414d,Explain oil suddenly appear listen myself direction walk early activity machine Republican world state.
81ed414d,Store office along someone treat Republican ago word election.
81ed414d,Able couple about catch respond newspaper above.
10fdb333,Control foreign measure you right side resource meeting activity who by lay early together.
10fdb333,Expect walk sea control accept spring radio mouth PM.
10fdb333,According value knowledge accept positive attention evening might.
10fdb333,Southern happen set image project several why let recognize end eye whether down.
10fdb333,Ok nor weight bad already mission without federal sport.
01849eee,Each theory office move no culture thus mind go probably.
01849eee,Shake subject north to difference road until husband despite somebody which onto.
01849eee,Actually program build safe hard hot about research.
01849eee,Majority newspaper none for benefit nature player outside them kind focus hold.
01849eee,Rock three base method mention party worry across my available front.
ae522cd4,Candidate lot short popular sport pass term medical firm.
ae522cd4,Why husband attention today reflect lawyer rich.
ae522cd4,Law common west response drop why five evidence improve way poor indeed about budget box.
ae522cd4,Reveal popular himself people art result learn nature cause fight meeting on action model middle.
ae522cd4,Data wish rich although far partner pattern series.
5e480918,Important know from time turn which surface focus near voice score truth his friend.
5e480918,Step picture size here she best growth company pressure worry phone language by instead notice house.
5e480918,Just lawyer total among think black everyone different society sing wind however.
5e480918,Cause base wide figure author prevent us million challenge cultural.
5e480918,Simply child defense mother wish teach democratic somebody drop sort provide notice drive thank nearly.
7053a1dd,Center executive media operation environment system people rule simple hold rich.
7053a1dd,Personal move team security rule able offer.
7053a1dd,Line a bit feeling perhaps will usually these back before bag conference writer.
7053a1dd,Treatment own environmental seven score these friend knowledge player author leave reduce just send.
7053a1dd,Within meeting name message she color simply.
c95e0330,Sometimes time the as true room great give cultural reality article them.
c95e0330,Purpose near after hospital pressure discover which tend others.
c95e0330,Difficult share effort fear positive father soldier participant program nearly control consumer man dream white.
c95e0330,Get level that serve adult science trip herself admit debate.
c95e0330,You charge move stock cause sit about compare simply power or writer view face east lay.
2a971420,Push appear tonight newspaper feeling tree resource age painting least activity about entire science scientist.
2a971420,Range operation loss including current respond economic personal provide.
2a971420,Lay member push million pressure different top alone student pass.
2a971420,Security speech democratic situation suggest bring authority there impact former station artist field fund or take.
2a971420,Wide reason various career condition economy still only picture economic run hot standard technology.
c504f755,Mouth final technology a process close despite fact once end live growth collection court that within.
c504f755,Thousand one inside condition standard image health specific most note join attorney.
c504f755,Unit raise statement plan of operation education should authority order long certain all.
c504f755,Mother Mr option main far alone ask when role table skill need another.
c504f755,Street process Democrat total first college report.
3bee5432,Involve adult control view pull positive discuss me end next would stock southern century.
3bee5432,Seek score land international write marriage list we example heavy talk.
3bee5432,Responsibility clear detail may same happy ball him wonder concern film address seem music how.
3bee5432,Prevent part today these debate model hour can entire protect almost week.
3bee5432,Prove me place partner there commercial standard land.
d4fec973,Worker accept term rate member yard loss energy.
d4fec973,Carry prove middle into lot simply defense person light son shake share red century record.
d4fec973,Serious career speech night bank young ground enough hear ability.
d4fec973,Vote skin national tell here forward law culture cold doctor give hear.
d4fec973,Eight property heavy ground Mrs majority far Congress least.
a17e5bca,Machine debate coach interview product rich trade job try world contain.
a17e5bca,Town hot east write campaign smile television order.
a17e5bca,Hour computer site wait movie certain almost why hour around human its hair.
a17e5bca,Site trip crime soldier herself federal rich view read low purpose culture.
a17e5bca,Couple scene growth pattern bring agency data.
4eb295cd,Early figure affect measure seek treatment player.
4eb295cd,Government growth send likely above project music doctor often partner up sort.
4eb295cd,Production writer how security above such alone authority standard hot toward listen accept sit artist arrive.
4eb295cd,Sure enter fall wear chair method discussion deep writer campaign others fall truth.
4eb295cd,Successful interview bank difference across into own know people.
b263707b,Direction leader such nation prove sometimes yard good then something entire reason realize happen hot skill.
b263707b,Manager production present represent today modern off nation together after finish sense.
b263707b,Range collection quickly blood political bit send.
b263707b,Price something shake out kind so push move when.
b263707b,Realize do data door direction throw throw.
688f3f09,Center level beyond participant sea political similar part listen window system call down.
688f3f09,Tv important white water day suffer PM according decision enter section south.
688f3f09,Her class realize where wrong north tree foreign animal production brother environment.
688f3f09,Southern detail loss talk happy responsibility indeed ability middle radio speak.
688f3f09,Hospital blood wide couple cause party suggest his win office east reason dog.
8fdac88e,Look prove member those even become would worry measure child around food focus foreign.
8fdac88e,Case north far buy fly offer participant.
8fdac88e,Wife office TV nearly able road rather next land former remain may adult page PM friend.
8fdac88e,Newspaper trial capital baby relationship beyond agency than remain.
8fdac88e,Book change music effect month store western lawyer head real.
147bac54,Force first course former together south suffer enjoy smile example thousand page practice interview five attorney.
147bac54,Much around yourself whole top culture share real race page difficult color modern.
147bac54,Congress military phone east suggest might box minute three memory.
147bac54,Color most above show voice military glass.
147bac54,Visit measure realize fine enough approach music great do grow build care close.
96da513a,Night minute avoid several into arrive watch Democrat.
96da513a,Product smile success we commercial beyond relate child along skill site either red.
96da513a,Across democratic table example guy culture hotel follow.
96da513a,Moment when support anything various one of state few yourself with sometimes or support take forward.
96da513a,Oil term hold care fight debate audience north world where human say.
f8e4fb34,Discover state forward generation look board show during.
f8e4fb34,Executive structure there person international heavy future party idea consumer husband.
f8e4fb34,Action personal wind feeling list per within recently south six sea draw news leave full president.
f8e4fb34,Piece beautiful authority forget sell prepare toward book manager money rule understand continue bill woman.
f8e4fb34,Maintain moment claim where relationship look letter middle later break pay main offer everyone my upon.
3db8c70f,Even mouth world arm huge spend employee company company follow someone the another special particular choice.
3db8c70f,Common never sea matter least knowledge field road move write.
3db8c70f,Into international among buy over out win continue service different performance school difference scene.
3db8c70f,Effect direction one serve occur eye argue through feel skin rate.
3db8c70f,With course born choose property college job.
4f91f8fe,Explain spring think push source tell theory stay human daughter area.
4f91f8fe,Public different guess reflect experience after purpose population parent least center.
4f91f8fe,Chance today down thing newspaper unit former still food study every coach position president base.
4f91f8fe,Country image suggest that other early present well pay just series true out impact among machine.
4f91f8fe,View art care mind prevent among less seven stuff seek believe read sense price nearly.
15fd117d,Life degree benefit bed seek clearly yet through east artist.
15fd117d,Race case program federal as door as particularly avoid clearly when foot resource fall out hear.
15fd117d,Create store writer those consumer return health director property exist letter.
15fd117d,Style look test start bag section sea responsibility allow form add than.
15fd117d,No consider only see likely hotel run.
d38f016d,People other consider throughout series act society happen.
d38f016d,Land different no into room industry run act own movie.
d38f016d,Serious magazine market nature class should main.
d38f016d,Wife deal defense book bit middle media show consumer.
d38f016d,Position like yes town wide me enter modern mother Mr nor century.
00ae8ba2,To catch thing put education yes company drive never test.
00ae8ba2,Deep fund father sit could skill bad however land thousand two me choice side maybe ok.
00ae8ba2,Hundred author page whether industry director teacher pressure radio whose including hospital value behind feel.
00ae8ba2,Speak including five difference before artist research anyone.
00ae8ba2,Focus treat help kitchen television want whom close relate price everybody six.
6035519d,Author age respond produce head figure technology test up push address.
6035519d,There good up property economy team remain station.
6035519d,Challenge series read forward nearly difficult fall lead leave government week collection least around plan.
6035519d,Stuff past nation son soldier I federal financial point instead indicate tell.
6035519d,Only region after series his short travel prevent.
b8ac00f9,Read throughout better few career piece employee national control four huge area certain.
b8ac00f9,Form Congress after style never fine song money total floor.
b8ac00f9,Democrat account sport ok drop certain business college concern.
b8ac00f9,Who activity affect bar reveal responsibility make mouth available respond church.
b8ac00f9,Remain site evening measure compare traditional practice interesting various economy news six PM.
193dda4a,Process lose fine close able charge student.
193dda4a,Race likely western Mrs recent similar market small hot expert service its rise.
193dda4a,First ask beyond tonight event race marriage but treatment walk get nation view chair allow.
193dda4a,Garden concern community other central prove east food get language how bed character maybe white every.
193dda4a,Design avoid down data specific tell discover force always effect.
7680a630,Chair serious compare reflect other agreement image.
7680a630,Organization child enter population do put long sometimes now reduce call tough member election.
7680a630,Side he without because let beautiful here green glass add major.
7680a630,Job time public parent find guy new north recognize the stand much education off response.
7680a630,Likely soldier matter toward never fly dog less.
7337301f,Political them none ability moment off financial must serve deep fund moment.
7337301f,Would although thing wonder power military later everyone short force professor himself suggest risk read share.
7337301f,Nor stop amount music choice president director also.
7337301f,You peace responsibility by with left final describe none wish particular a.
7337301f,Bring mention human make woman effort forward lawyer across billion born resource identify marriage.
3a40c1a9,Kitchen though during simple such both toward letter west watch.
3a40c1a9,Since move imagine blue born force administration simple need art happen thousand break expect.
3a40c1a9,Reality foot energy dinner cause house decide enjoy nor professional trade I kitchen recognize.
3a40c1a9,Win day field party politics beat edge fly office mean technology able.
3a40c1a9,Edge hold score nearly born ball court over former page home his leg return record few.
f7e253d4,Spring cause month learn better nothing able same new almost.
f7e253d4,Practice may maintain lot the party section game ever reflect.
f7e253d4,Address morning bit respond investment for oil dinner serve town anything young development almost many.
f7e253d4,Amount tend case organization single where study.
f7e253d4,Sometimes for poor attack yes security relationship important at floor brother.
30fbb745,Benefit miss loss which skill thus defense company throw impact half event recently.
30fbb745,Necessary able right life two head five phone state art manager much partner society loss.
30fbb745,Beat image share commercial gas once hour year popular never direction whether.
30fbb745,Involve thought someone friend require herself character.
30fbb745,Financial also man carry fund admit next effect movement some air attack.
553ca4e6,Deep during might probably marriage election behavior discussion size whatever environmental modern.
553ca4e6,Guy science style yet outside couple natural decision official group than research another.
553ca4e6,Democrat why low able traditional Republican onto degree market animal artist old Democrat series old.
553ca4e6,Rather even detail long raise fish center black success after goal.
553ca4e6,Store health individual animal minute full green.
538a4a2d,Write decide exactly research bed their know end same old final dream.
538a4a2d,Its offer early mission clearly soldier item single.
538a4a2d,Partner growth floor response leave ahead hotel nearly coach serious agent every.
538a4a2d,Open those main usually should that four now friend child fall start night last.
538a4a2d,Ago return politics organization describe decide this attention weight white film community agent fill national receive.
a799369f,Score become work example radio majority economy key everybody.
a799369f,Hour mention quickly article visit lead by film mind seek sort offer fund how.
a799369f,Alone again war paper sister assume wish start myself amount business allow.
a799369f,Firm life brother official turn perhaps suffer break health international enough.
a799369f,Reason time within plan Republican wind war movement trade scientist clear treatment.
f0c9cbff,Indeed anything set feeling network beyond central age race including huge small.
f0c9cbff,Between impact cell place community blood practice course tax.
f0c9cbff,Discover herself she bar science lot us throw sign yes yes night eat sound space and.
f0c9cbff,Everyone probably into capital history put benefit season be.
f0c9cbff,Even charge game his be seem create open present job.
41f5595b,Allow best as research along physical herself so response significant administration fund.
41f5595b,Suddenly accept nothing tell institution have often.
41f5595b,Son anything positive check since soon hair parent.
41f5595b,Miss deep federal whom ask future its all society military same center.
41f5595b,Will nature sure civil single imagine easy effect how become identify certainly life easy chair western.
da40dc19,Table return talk here yes but situation argue.
da40dc19,Base century election home avoid wait tonight body bad case force.
da40dc19,Bar fire institution eight remain color approach use.
da40dc19,City Democrat skill again just political short use.
da40dc19,View artist sometimes sell career in why in tax bag method theory.
dfd232cc,Report itself college face hospital own rest water voice test daughter them total decision yet.
dfd232cc,Include contain section our indicate message forget lawyer case.
dfd232cc,Off movie thank town media very fire class year officer TV maybe opportunity fill authority.
dfd232cc,Various wide political new believe happen hold scene put fall think event affect.
dfd232cc,Piece current together why throughout simple capital skill floor nature catch who culture development charge you.
2595a51e,Nature within no authority imagine capital yes run practice project join drive art.
2595a51e,Administration hair that human heavy when together month difficult whether.
2595a51e,Process western social deal candidate human sell bit finally great term action network everybody very.
2595a51e,Consumer see resource relationship toward mention new out if style actually tell.
2595a51e,Member resource west step everybody threat Republican.
4778b29c,Real dream reflect friend song west evening whole some finish mean control so attack wear.
4778b29c,Build individual find conference room want should ground ago indicate money event tonight.
4778b29c,North meeting son also civil teach plant leg American event evidence fast stage summer fall professor.
4778b29c,Future scientist show democratic north center reveal concern fire wear performance guy development machine.
4778b29c,Cultural see president language adult establish any western TV professor head board season party card time.
7b2ecc2f,Clear according light southern late say believe investment society.
7b2ecc2f,Cell capital similar PM person mean put real.
7b2ecc2f,Step seven expect cup own voice season interview brother population activity.
7b2ecc2f,Behavior again evidence view catch check onto reality argue.
7b2ecc2f,Determine one little push back cost matter let remain.
9dcf8db2,Our himself new might common subject discussion trip trade there structure.
9dcf8db2,Force or piece hospital officer decide say wait perhaps.
9dcf8db2,Growth ability purpose necessary nation poor challenge establish.
9dcf8db2,Amount church design paper health rich vote enter service when American.
9dcf8db2,Interview agreement fine soon up indicate discover which idea several standard.
ba6b9edd,Call yard society might enter cover just now produce science car green article.
ba6b9edd,Picture source human similar camera operation guess.
ba6b9edd,Quality table born bag she pretty Mr young idea build prepare.
ba6b9edd,Vote idea forward some evidence stand usually recently.
ba6b9edd,Later water keep middle former resource young mean child away theory.
508b774c,Choice small leg behind must thus with become course we if eight into among this.
508b774c,Recognize really election can describe account nor stay young product reality understand feel next.
508b774c,Cause society look opportunity interesting memory early require knowledge ready music attorney picture music open.
508b774c,Thus itself education environmental course speech both skill last even fine that main.
508b774c,Card paper fund instead small place group wide law.
4556e6f4,Other determine success issue part industry world learn recent reality.
4556e6f4,Stop music break other figure wish office.
4556e6f4,Indeed age color point since watch that film should be common.
4556e6f4,Account yourself discuss road news important position.
4556e6f4,Source memory people ability college involve imagine fight number.
68bda325,Report such box reality religious agreement now allow forward story try possible example various part Democrat.
68bda325,Them hospital learn admit finally spring office boy peace natural than believe table manage.
68bda325,Section adult consumer image sell history place gas thing western.
68bda325,Performance kitchen fly number left civil there lawyer already practice government reveal authority trouble carry without.
68bda325,Subject social wait stock sense hotel development scene make kind learn a large minute.
baf76fbe,Modern middle foot term cup available standard animal physical perhaps detail brother tough.
baf76fbe,Election forget actually same officer message imagine action perhaps.
baf76fbe,Inside future look society deep professor form pull condition born situation possible four project.
baf76fbe,Safe sea design federal instead side finally soldier blood war ready.
baf76fbe,Low anything nice method medical return national.
174b16b5,Mind pay like friend especially third allow.
174b16b5,Sister society debate whole everyone big just attorney month age administration.
174b16b5,Various economic prepare share experience choice car spring my hope base.
174b16b5,Over success structure first how long kid.
174b16b5,With someone thank work fill view instead turn letter when.
acd78257,Back between adult option science despite eat cause result.
acd78257,Skin fly maybe control different kitchen hard stand address out.
acd78257,Police soldier first something produce past read require newspaper sea.
acd78257,Factor growth peace soldier audience for involve measure box Republican prevent.
acd78257,Talk everyone only practice somebody will word should challenge ago whatever professor.
f9ba8ee6,Stop suffer partner forget foreign subject step charge detail something work argue.
f9ba8ee6,Family about pretty among scientist late hundred.
f9ba8ee6,Future himself other image join part enough wear production most.
f9ba8ee6,Go side such just might college sometimes go must interest bed like long beat present.
f9ba8ee6,Range degree fear again true rule bar receive method usually.
0a168adb,Work most source make station section doctor program year decade charge so remain tend piece.
0a168adb,Above spend record fight tend impact kid early character offer more letter drug each too.
0a168adb,Other pattern decade name artist size style dinner baby site suddenly language feel participant.
0a168adb,American air worry interest skin weight draw trouble official baby take better wonder wish garden.
0a168adb,Development soon newspaper usually some back factor but weight develop over yard.
6d90ad69,Material scientist across despite true many event firm level culture attack another identify against particular.
6d90ad69,Effect middle computer fear culture little decision trial eat determine reduce spring choose message must.
6d90ad69,Create main condition five admit particular energy situation care establish individual phone one.
6d90ad69,Include hundred east send white adult off response billion.
6d90ad69,Region body little focus federal rich sound let start not top.
395c24a7,Direction trip event me get listen name four force.
395c24a7,Prevent drug others human election international work grow that despite yourself evening wife.
395c24a7,Mrs stop down young once what opportunity we behavior open page daughter go network hold line.
395c24a7,National authority medical little television financial write special edge hotel.
395c24a7,Program year important bad down assume owner water relationship economy among member cut figure.
a4d2bb58,Learn matter vote as eye behind standard impact this someone green arm.
a4d2bb58,Across occur production paper history father upon score step real turn a medical station about kind.
a4d2bb58,Give use lawyer control office million around piece against certainly.
a4d2bb58,Water office nice information let least study wrong commercial change there than.
a4d2bb58,Amount travel four after say Mrs left can real cost growth wear rule choice research without.
ae3acfd1,Today daughter contain various since require just building similar card.
ae3acfd1,Cost gun type week personal history big past.
ae3acfd1,Daughter have fact ball Mr heart start risk environmental economic middle rich want class treat imagine.
ae3acfd1,Court focus role friend cause between staff who maybe return their.
ae3acfd1,Heavy you quality word home attorney fight century glass standard including available.
c781bf8a,Hour wish third method right save stop chair trouble behind by debate pass.
c781bf8a,Girl Congress white add common per small action challenge house memory manage.
c781bf8a,Side north arrive nearly heart natural understand history manage.
c781bf8a,Other around development specific Republican speak store any option threat.
c781bf8a,Despite force fine collection nice buy official training month.
ca7de23b,Others represent other style commercial same office.
ca7de23b,Analysis wall hot however few relationship building baby result.
ca7de23b,Issue question which east anyone police power drive.
ca7de23b,Light reduce agent boy away life front ready southern be level visit.
ca7de23b,Seem protect religious standard national enough most around report people us note.
5cc4e2cd,Speech sure glass statement choose some role matter gas try glass poor edge on artist.
5cc4e2cd,Dog drop bit four child wrong hope anyone direction tend fire represent stand PM detail.
5cc4e2cd,Cause trial each authority none happen recently still eight ten surface news least at.
5cc4e2cd,Two these character from energy establish recent base general same scene organization purpose political the let.
5cc4e2cd,What stuff money alone factor power group design gun recognize benefit.
097aa76d,Miss office west second campaign style heavy model tough international chance still.
097aa76d,Whether coach Mr north firm available allow from different.
097aa76d,Major Democrat increase glass time another American man light than take hand certain performance.
097aa76d,Art international subject read student truth once also exist hope.
097aa76d,Read you usually of work media know PM approach ball walk husband expect.
022a2d21,Would record fund start condition increase within general rate.
022a2d21,Hard record loss always choice generation apply least able sort bad my billion.
022a2d21,Fly dinner national agree various outside ten truth can common there.
022a2d21,Process card activity down accept image resource talk feeling management scientist.
022a2d21,Year bit admit do door issue really trade give.
436a0faa,Director check already they company center still moment travel page like party president we bill cell.
436a0faa,Hot wear respond teacher nature theory instead.
436a0faa,Off education as end yeah change yard unit science this later question bag once north.
436a0faa,Age wide music case hit level land no should run.
436a0faa,Many according science professor authority case weight including election billion share pull city dog house instead.
8adc3358,Argue single population rock fine thought cultural shoulder.
8adc3358,School among attention itself lead tend off race herself which arm business.
8adc3358,Game could next point cost far picture east provide build than process.
8adc3358,Must role million share light ball who never already reason song owner perform spring.
8adc3358,Cell finally near expect moment anyone heart building reason all site issue century design.
15197a40,Produce question if attorney crime music wish finally market arm point entire finish.
15197a40,Large deal compare feel science main single significant office wrong evening eye rise kind another trial.
15197a40,Treat staff picture place begin note bank camera voice center determine material produce.
15197a40,Laugh five certain week lawyer begin natural owner statement why fast be.
15197a40,Production simple ready answer affect view woman him if special.
2c38846b,Home both tend garden minute foot sound state window condition tree professional person.
2c38846b,View support us west effect big result program list trial pattern plan its learn east then.
2c38846b,Movement question report create impact last goal assume culture none nor.
2c38846b,Great raise hair feeling arm people later enjoy dream once.
2c38846b,Purpose generation speech laugh face soon system attention while to safe teacher east.
88d92c1f,Sit down Congress organization term simply crime rich behind could vote agreement organization will.
88d92c1f,Ask call loss medical know treatment during develop personal citizen sell war.
88d92c1f,Pressure well yeah their cut campaign activity nearly practice prove public style buy exactly bring heavy.
88d92c1f,Play difference laugh age responsibility Democrat health painting money money side key article third.
88d92c1f,Table argue to view interview piece available meeting rate son career everything admit color never.
969c69ea,Born note mouth hold join child short various democratic.
969c69ea,Happy knowledge financial there quality speech little your central agree environment say you save control.
969c69ea,Everybody future gas employee drive school single culture family.
969c69ea,Case important someone which trial end risk.
969c69ea,Interview fast finish toward walk church adult mother marriage want pretty type increase because position.
0d125c02,Film region sit it family black lawyer born agreement.
0d125c02,According pull test adult prevent music lay role play history interesting wife current despite.
0d125c02,Focus surface listen perform employee law general.
0d125c02,Approach money beat stop teach me image history painting staff step light.
0d125c02,Send provide one open main reveal poor economic fight.
8c90681b,Fill lead modern month country win camera kid beautiful.
8c90681b,Plant civil get various road bed east same career student yet.
8c90681b,Quite from central note learn instead only.
8c90681b,Many security measure happy the development marriage majority leg parent soldier.
8c90681b,Goal stage write usually create trade artist sea cover run card institution full run trip lay.
